<?xml version="1.0" encoding="UTF-8"?>
<kml xmlns="http://www.opengis.net/kml/2.2" xmlns:gx="http://www.google.com/kml/ext/2.2" xmlns:kml="http://www.opengis.net/kml/2.2" xmlns:atom="http://www.w3.org/2005/Atom">
<Document id="1aU-5aARVa0rC2c6h9ZiaLj8FA0XO6wPl">
	<name>Jorczak Circumnavigation</name>
	<gx:CascadingStyle kml:id="__managed_style_107C75ED5F3F7675F354_normal">
		<Style>
			<IconStyle>
				<Icon>
					<href>https://earth.google.com/earth/document/icon?color=1976d2&amp;id=2000&amp;scale=4</href>
				</Icon>
				<hotSpot x="64" y="128" xunits="pixels" yunits="insetPixels"/>
			</IconStyle>
			<LabelStyle>
			</LabelStyle>
			<LineStyle>
				<color>fff5a542</color>
				<width>4</width>
			</LineStyle>
			<PolyStyle>
				<color>40ffffff</color>
			</PolyStyle>
			<BalloonStyle>
			</BalloonStyle>
		</Style>
	</gx:CascadingStyle>
	<StyleMap id="__managed_style_107C75ED5F3F7675F354">
		<Pair>
			<key>normal</key>
			<styleUrl>#__managed_style_107C75ED5F3F7675F354_normal</styleUrl>
		</Pair>
		<Pair>
			<key>highlight</key>
			<styleUrl>#__managed_style_107C75ED5F3F7675F354_highlight</styleUrl>
		</Pair>
	</StyleMap>
	<StyleMap id="__managed_style_37BF8729713F7675F350">
		<Pair>
			<key>normal</key>
			<styleUrl>#__managed_style_37BF8729713F7675F350_normal</styleUrl>
		</Pair>
		<Pair>
			<key>highlight</key>
			<styleUrl>#__managed_style_37BF8729713F7675F350_highlight</styleUrl>
		</Pair>
	</StyleMap>
	<gx:CascadingStyle kml:id="__managed_style_051431C2FF3F7675F354_highlight">
		<styleUrl>https://earth.google.com/balloon_components/base/1.1.0.0/card_template.kml#main</styleUrl>
		<Style>
			<IconStyle>
				<scale>1.2</scale>
				<Icon>
					<href>https://earth.google.com/earth/document/icon?color=1976d2&amp;id=2000&amp;scale=4</href>
				</Icon>
				<hotSpot x="64" y="128" xunits="pixels" yunits="insetPixels"/>
			</IconStyle>
			<LabelStyle>
			</LabelStyle>
			<LineStyle>
				<color>ff007cf5</color>
				<width>6</width>
			</LineStyle>
			<PolyStyle>
				<color>40ffffff</color>
			</PolyStyle>
			<BalloonStyle>
			</BalloonStyle>
		</Style>
	</gx:CascadingStyle>
	<gx:CascadingStyle kml:id="__managed_style_0A9AA24C683F7675F356_normal">
		<styleUrl>https://earth.google.com/balloon_components/base/1.1.0.0/card_template.kml#main</styleUrl>
		<Style>
			<IconStyle>
				<Icon>
					<href>https://earth.google.com/earth/document/icon?color=1976d2&amp;id=2000&amp;scale=4</href>
				</Icon>
				<hotSpot x="64" y="128" xunits="pixels" yunits="insetPixels"/>
			</IconStyle>
			<LabelStyle>
			</LabelStyle>
			<LineStyle>
				<color>ff636e8d</color>
				<width>4</width>
			</LineStyle>
			<PolyStyle>
				<color>40ffffff</color>
			</PolyStyle>
			<BalloonStyle>
			</BalloonStyle>
		</Style>
	</gx:CascadingStyle>
	<StyleMap id="__managed_style_299FE4AB163F7675F354">
		<Pair>
			<key>normal</key>
			<styleUrl>#__managed_style_299FE4AB163F7675F354_normal</styleUrl>
		</Pair>
		<Pair>
			<key>highlight</key>
			<styleUrl>#__managed_style_299FE4AB163F7675F354_highlight</styleUrl>
		</Pair>
	</StyleMap>
	<gx:CascadingStyle kml:id="__managed_style_25E7EEC4393F7675F350_normal">
		<Style>
			<IconStyle>
				<Icon>
					<href>https://earth.google.com/earth/document/icon?color=1976d2&amp;id=2000&amp;scale=4</href>
				</Icon>
				<hotSpot x="64" y="128" xunits="pixels" yunits="insetPixels"/>
			</IconStyle>
			<LabelStyle>
			</LabelStyle>
			<LineStyle>
				<color>ff2dc0fb</color>
				<width>4</width>
			</LineStyle>
			<PolyStyle>
				<color>40ffffff</color>
			</PolyStyle>
			<BalloonStyle>
			</BalloonStyle>
		</Style>
	</gx:CascadingStyle>
	<StyleMap id="__managed_style_17E51DD7B23F7675F356">
		<Pair>
			<key>normal</key>
			<styleUrl>#__managed_style_17E51DD7B23F7675F356_normal</styleUrl>
		</Pair>
		<Pair>
			<key>highlight</key>
			<styleUrl>#__managed_style_17E51DD7B23F7675F356_highlight</styleUrl>
		</Pair>
	</StyleMap>
	<gx:CascadingStyle kml:id="__managed_style_17E51DD7B23F7675F356_highlight">
		<styleUrl>https://earth.google.com/balloon_components/base/1.1.0.0/card_template.kml#main</styleUrl>
		<Style>
			<IconStyle>
				<scale>1.2</scale>
				<Icon>
					<href>https://earth.google.com/earth/document/icon?color=1976d2&amp;id=2000&amp;scale=4</href>
				</Icon>
				<hotSpot x="64" y="128" xunits="pixels" yunits="insetPixels"/>
			</IconStyle>
			<LabelStyle>
			</LabelStyle>
			<LineStyle>
				<color>ff26a7ff</color>
				<width>6</width>
			</LineStyle>
			<PolyStyle>
				<color>40ffffff</color>
			</PolyStyle>
			<BalloonStyle>
			</BalloonStyle>
		</Style>
	</gx:CascadingStyle>
	<gx:CascadingStyle kml:id="__managed_style_0A878673B33F7675F34E_highlight">
		<Style>
			<IconStyle>
				<scale>1.2</scale>
				<Icon>
					<href>https://earth.google.com/earth/document/icon?color=1976d2&amp;id=2000&amp;scale=4</href>
				</Icon>
				<hotSpot x="64" y="128" xunits="pixels" yunits="insetPixels"/>
			</IconStyle>
			<LabelStyle>
			</LabelStyle>
			<LineStyle>
				<color>ffd27619</color>
				<width>6</width>
			</LineStyle>
			<PolyStyle>
				<color>40ffffff</color>
			</PolyStyle>
			<BalloonStyle>
			</BalloonStyle>
		</Style>
	</gx:CascadingStyle>
	<StyleMap id="__managed_style_0913F9CC9F3F7675F34C">
		<Pair>
			<key>normal</key>
			<styleUrl>#__managed_style_0913F9CC9F3F7675F34C_normal</styleUrl>
		</Pair>
		<Pair>
			<key>highlight</key>
			<styleUrl>#__managed_style_0913F9CC9F3F7675F34C_highlight</styleUrl>
		</Pair>
	</StyleMap>
	<gx:CascadingStyle kml:id="__managed_style_0712B5791D3F7675F353_highlight">
		<styleUrl>https://earth.google.com/balloon_components/base/1.1.0.0/card_template.kml#main</styleUrl>
		<Style>
			<IconStyle>
				<scale>1.2</scale>
				<Icon>
					<href>https://earth.google.com/earth/document/icon?color=1976d2&amp;id=2000&amp;scale=4</href>
				</Icon>
				<hotSpot x="64" y="128" xunits="pixels" yunits="insetPixels"/>
			</IconStyle>
			<LabelStyle>
			</LabelStyle>
			<LineStyle>
				<color>ff2f2fd3</color>
				<width>6</width>
			</LineStyle>
			<PolyStyle>
				<color>40ffffff</color>
			</PolyStyle>
			<BalloonStyle>
			</BalloonStyle>
		</Style>
	</gx:CascadingStyle>
	<gx:CascadingStyle kml:id="__managed_style_0712B5791D3F7675F353_normal">
		<styleUrl>https://earth.google.com/balloon_components/base/1.1.0.0/card_template.kml#main</styleUrl>
		<Style>
			<IconStyle>
				<Icon>
					<href>https://earth.google.com/earth/document/icon?color=1976d2&amp;id=2000&amp;scale=4</href>
				</Icon>
				<hotSpot x="64" y="128" xunits="pixels" yunits="insetPixels"/>
			</IconStyle>
			<LabelStyle>
			</LabelStyle>
			<LineStyle>
				<color>ff2f2fd3</color>
				<width>4</width>
			</LineStyle>
			<PolyStyle>
				<color>40ffffff</color>
			</PolyStyle>
			<BalloonStyle>
			</BalloonStyle>
		</Style>
	</gx:CascadingStyle>
	<gx:CascadingStyle kml:id="__managed_style_184DD7AF9F3F7675F350_normal">
		<styleUrl>https://earth.google.com/balloon_components/base/1.1.0.0/card_template.kml#main</styleUrl>
		<Style>
			<IconStyle>
				<Icon>
					<href>https://earth.google.com/earth/document/icon?color=1976d2&amp;id=2000&amp;scale=4</href>
				</Icon>
				<hotSpot x="64" y="128" xunits="pixels" yunits="insetPixels"/>
			</IconStyle>
			<LabelStyle>
			</LabelStyle>
			<LineStyle>
				<color>ff26a7ff</color>
				<width>4</width>
			</LineStyle>
			<PolyStyle>
				<color>40ffffff</color>
			</PolyStyle>
			<BalloonStyle>
			</BalloonStyle>
		</Style>
	</gx:CascadingStyle>
	<gx:CascadingStyle kml:id="__managed_style_25E7EEC4393F7675F350_highlight">
		<Style>
			<IconStyle>
				<scale>1.2</scale>
				<Icon>
					<href>https://earth.google.com/earth/document/icon?color=1976d2&amp;id=2000&amp;scale=4</href>
				</Icon>
				<hotSpot x="64" y="128" xunits="pixels" yunits="insetPixels"/>
			</IconStyle>
			<LabelStyle>
			</LabelStyle>
			<LineStyle>
				<color>ff2dc0fb</color>
				<width>6</width>
			</LineStyle>
			<PolyStyle>
				<color>40ffffff</color>
			</PolyStyle>
			<BalloonStyle>
			</BalloonStyle>
		</Style>
	</gx:CascadingStyle>
	<StyleMap id="__managed_style_184DD7AF9F3F7675F350">
		<Pair>
			<key>normal</key>
			<styleUrl>#__managed_style_184DD7AF9F3F7675F350_normal</styleUrl>
		</Pair>
		<Pair>
			<key>highlight</key>
			<styleUrl>#__managed_style_184DD7AF9F3F7675F350_highlight</styleUrl>
		</Pair>
	</StyleMap>
	<gx:CascadingStyle kml:id="__managed_style_03A0FE668F3F7675F351_normal">
		<styleUrl>https://earth.google.com/balloon_components/base/1.1.0.0/card_template.kml#main</styleUrl>
		<Style>
			<IconStyle>
				<Icon>
					<href>https://earth.google.com/earth/document/icon?color=1976d2&amp;id=2000&amp;scale=4</href>
				</Icon>
				<hotSpot x="64" y="128" xunits="pixels" yunits="insetPixels"/>
			</IconStyle>
			<LabelStyle>
			</LabelStyle>
			<LineStyle>
				<color>ffd27619</color>
				<width>4</width>
			</LineStyle>
			<PolyStyle>
				<color>40ffffff</color>
			</PolyStyle>
			<BalloonStyle>
			</BalloonStyle>
		</Style>
	</gx:CascadingStyle>
	<gx:CascadingStyle kml:id="__managed_style_0A9AA24C683F7675F356_highlight">
		<styleUrl>https://earth.google.com/balloon_components/base/1.1.0.0/card_template.kml#main</styleUrl>
		<Style>
			<IconStyle>
				<scale>1.2</scale>
				<Icon>
					<href>https://earth.google.com/earth/document/icon?color=1976d2&amp;id=2000&amp;scale=4</href>
				</Icon>
				<hotSpot x="64" y="128" xunits="pixels" yunits="insetPixels"/>
			</IconStyle>
			<LabelStyle>
			</LabelStyle>
			<LineStyle>
				<color>ff636e8d</color>
				<width>6</width>
			</LineStyle>
			<PolyStyle>
				<color>40ffffff</color>
			</PolyStyle>
			<BalloonStyle>
			</BalloonStyle>
		</Style>
	</gx:CascadingStyle>
	<gx:CascadingStyle kml:id="__managed_style_10B8AB106E3F7675F351_highlight">
		<styleUrl>https://earth.google.com/balloon_components/base/1.1.0.0/card_template.kml#main</styleUrl>
		<Style>
			<IconStyle>
				<scale>1.2</scale>
				<Icon>
					<href>https://earth.google.com/earth/document/icon?color=1976d2&amp;id=2000&amp;scale=4</href>
				</Icon>
				<hotSpot x="64" y="128" xunits="pixels" yunits="insetPixels"/>
			</IconStyle>
			<LabelStyle>
			</LabelStyle>
			<LineStyle>
				<color>ff9aa626</color>
				<width>6</width>
			</LineStyle>
			<PolyStyle>
				<color>40ffffff</color>
			</PolyStyle>
			<BalloonStyle>
			</BalloonStyle>
		</Style>
	</gx:CascadingStyle>
	<gx:CascadingStyle kml:id="__managed_style_19CE28BBF93F7675F353_normal">
		<styleUrl>https://earth.google.com/balloon_components/base/1.1.0.0/card_template.kml#main</styleUrl>
		<Style>
			<IconStyle>
				<Icon>
					<href>https://earth.google.com/earth/document/icon?color=1976d2&amp;id=2000&amp;scale=4</href>
				</Icon>
				<hotSpot x="64" y="128" xunits="pixels" yunits="insetPixels"/>
			</IconStyle>
			<LabelStyle>
			</LabelStyle>
			<LineStyle>
				<color>ff2dc0fb</color>
				<width>4</width>
			</LineStyle>
			<PolyStyle>
				<color>40ffffff</color>
			</PolyStyle>
			<BalloonStyle>
			</BalloonStyle>
		</Style>
	</gx:CascadingStyle>
	<gx:CascadingStyle kml:id="__managed_style_10B8AB106E3F7675F351_normal">
		<styleUrl>https://earth.google.com/balloon_components/base/1.1.0.0/card_template.kml#main</styleUrl>
		<Style>
			<IconStyle>
				<Icon>
					<href>https://earth.google.com/earth/document/icon?color=1976d2&amp;id=2000&amp;scale=4</href>
				</Icon>
				<hotSpot x="64" y="128" xunits="pixels" yunits="insetPixels"/>
			</IconStyle>
			<LabelStyle>
			</LabelStyle>
			<LineStyle>
				<color>ff9aa626</color>
				<width>4</width>
			</LineStyle>
			<PolyStyle>
				<color>40ffffff</color>
			</PolyStyle>
			<BalloonStyle>
			</BalloonStyle>
		</Style>
	</gx:CascadingStyle>
	<gx:CascadingStyle kml:id="__managed_style_37BF8729713F7675F350_normal">
		<styleUrl>https://earth.google.com/balloon_components/base/1.1.0.0/card_template.kml#main</styleUrl>
		<Style>
			<IconStyle>
				<Icon>
					<href>https://earth.google.com/earth/document/icon?color=1976d2&amp;id=2000&amp;scale=4</href>
				</Icon>
				<hotSpot x="64" y="128" xunits="pixels" yunits="insetPixels"/>
			</IconStyle>
			<LabelStyle>
			</LabelStyle>
			<LineStyle>
				<color>ff3c8e38</color>
				<width>4</width>
			</LineStyle>
			<PolyStyle>
				<color>40ffffff</color>
			</PolyStyle>
			<BalloonStyle>
			</BalloonStyle>
		</Style>
	</gx:CascadingStyle>
	<gx:CascadingStyle kml:id="__managed_style_3FA05D873B3F7675F354_highlight">
		<styleUrl>https://earth.google.com/balloon_components/base/1.1.0.0/card_template.kml#main</styleUrl>
		<Style>
			<IconStyle>
				<scale>1.2</scale>
				<Icon>
					<href>https://earth.google.com/earth/document/icon?color=1976d2&amp;id=2000&amp;scale=4</href>
				</Icon>
				<hotSpot x="64" y="128" xunits="pixels" yunits="insetPixels"/>
			</IconStyle>
			<LabelStyle>
			</LabelStyle>
			<LineStyle>
				<color>ff5053ef</color>
				<width>6</width>
			</LineStyle>
			<PolyStyle>
				<color>40ffffff</color>
			</PolyStyle>
			<BalloonStyle>
			</BalloonStyle>
		</Style>
	</gx:CascadingStyle>
	<gx:CascadingStyle kml:id="__managed_style_3FA05D873B3F7675F354_normal">
		<styleUrl>https://earth.google.com/balloon_components/base/1.1.0.0/card_template.kml#main</styleUrl>
		<Style>
			<IconStyle>
				<Icon>
					<href>https://earth.google.com/earth/document/icon?color=1976d2&amp;id=2000&amp;scale=4</href>
				</Icon>
				<hotSpot x="64" y="128" xunits="pixels" yunits="insetPixels"/>
			</IconStyle>
			<LabelStyle>
			</LabelStyle>
			<LineStyle>
				<color>ff5053ef</color>
				<width>4</width>
			</LineStyle>
			<PolyStyle>
				<color>40ffffff</color>
			</PolyStyle>
			<BalloonStyle>
			</BalloonStyle>
		</Style>
	</gx:CascadingStyle>
	<StyleMap id="__managed_style_3FA05D873B3F7675F354">
		<Pair>
			<key>normal</key>
			<styleUrl>#__managed_style_3FA05D873B3F7675F354_normal</styleUrl>
		</Pair>
		<Pair>
			<key>highlight</key>
			<styleUrl>#__managed_style_3FA05D873B3F7675F354_highlight</styleUrl>
		</Pair>
	</StyleMap>
	<StyleMap id="__managed_style_10B8AB106E3F7675F351">
		<Pair>
			<key>normal</key>
			<styleUrl>#__managed_style_10B8AB106E3F7675F351_normal</styleUrl>
		</Pair>
		<Pair>
			<key>highlight</key>
			<styleUrl>#__managed_style_10B8AB106E3F7675F351_highlight</styleUrl>
		</Pair>
	</StyleMap>
	<StyleMap id="__managed_style_0A878673B33F7675F34E">
		<Pair>
			<key>normal</key>
			<styleUrl>#__managed_style_0A878673B33F7675F34E_normal</styleUrl>
		</Pair>
		<Pair>
			<key>highlight</key>
			<styleUrl>#__managed_style_0A878673B33F7675F34E_highlight</styleUrl>
		</Pair>
	</StyleMap>
	<gx:CascadingStyle kml:id="__managed_style_00A28988A63F7675F34F_highlight">
		<styleUrl>https://earth.google.com/balloon_components/base/1.1.0.0/card_template.kml#main</styleUrl>
		<Style>
			<IconStyle>
				<scale>1.2</scale>
				<Icon>
					<href>https://earth.google.com/earth/document/icon?color=1976d2&amp;id=2000&amp;scale=4</href>
				</Icon>
				<hotSpot x="64" y="128" xunits="pixels" yunits="insetPixels"/>
			</IconStyle>
			<LabelStyle>
			</LabelStyle>
			<LineStyle>
				<color>ffbc47ab</color>
				<width>6</width>
			</LineStyle>
			<PolyStyle>
				<color>40ffffff</color>
			</PolyStyle>
			<BalloonStyle>
			</BalloonStyle>
		</Style>
	</gx:CascadingStyle>
	<gx:CascadingStyle kml:id="__managed_style_299FE4AB163F7675F354_normal">
		<Style>
			<IconStyle>
				<Icon>
					<href>https://earth.google.com/earth/document/icon?color=1976d2&amp;id=2000&amp;scale=4</href>
				</Icon>
				<hotSpot x="64" y="128" xunits="pixels" yunits="insetPixels"/>
			</IconStyle>
			<LabelStyle>
			</LabelStyle>
			<LineStyle>
				<color>ff2dc0fb</color>
				<width>4</width>
			</LineStyle>
			<PolyStyle>
				<color>40ffffff</color>
			</PolyStyle>
			<BalloonStyle>
			</BalloonStyle>
		</Style>
	</gx:CascadingStyle>
	<StyleMap id="__managed_style_03A0FE668F3F7675F351">
		<Pair>
			<key>normal</key>
			<styleUrl>#__managed_style_03A0FE668F3F7675F351_normal</styleUrl>
		</Pair>
		<Pair>
			<key>highlight</key>
			<styleUrl>#__managed_style_03A0FE668F3F7675F351_highlight</styleUrl>
		</Pair>
	</StyleMap>
	<gx:CascadingStyle kml:id="__managed_style_00A28988A63F7675F34F_normal">
		<styleUrl>https://earth.google.com/balloon_components/base/1.1.0.0/card_template.kml#main</styleUrl>
		<Style>
			<IconStyle>
				<Icon>
					<href>https://earth.google.com/earth/document/icon?color=1976d2&amp;id=2000&amp;scale=4</href>
				</Icon>
				<hotSpot x="64" y="128" xunits="pixels" yunits="insetPixels"/>
			</IconStyle>
			<LabelStyle>
			</LabelStyle>
			<LineStyle>
				<color>ffbc47ab</color>
				<width>4</width>
			</LineStyle>
			<PolyStyle>
				<color>40ffffff</color>
			</PolyStyle>
			<BalloonStyle>
			</BalloonStyle>
		</Style>
	</gx:CascadingStyle>
	<gx:CascadingStyle kml:id="__managed_style_184DD7AF9F3F7675F350_highlight">
		<styleUrl>https://earth.google.com/balloon_components/base/1.1.0.0/card_template.kml#main</styleUrl>
		<Style>
			<IconStyle>
				<scale>1.2</scale>
				<Icon>
					<href>https://earth.google.com/earth/document/icon?color=1976d2&amp;id=2000&amp;scale=4</href>
				</Icon>
				<hotSpot x="64" y="128" xunits="pixels" yunits="insetPixels"/>
			</IconStyle>
			<LabelStyle>
			</LabelStyle>
			<LineStyle>
				<color>ff26a7ff</color>
				<width>6</width>
			</LineStyle>
			<PolyStyle>
				<color>40ffffff</color>
			</PolyStyle>
			<BalloonStyle>
			</BalloonStyle>
		</Style>
	</gx:CascadingStyle>
	<gx:CascadingStyle kml:id="__managed_style_051431C2FF3F7675F354_normal">
		<styleUrl>https://earth.google.com/balloon_components/base/1.1.0.0/card_template.kml#main</styleUrl>
		<Style>
			<IconStyle>
				<Icon>
					<href>https://earth.google.com/earth/document/icon?color=1976d2&amp;id=2000&amp;scale=4</href>
				</Icon>
				<hotSpot x="64" y="128" xunits="pixels" yunits="insetPixels"/>
			</IconStyle>
			<LabelStyle>
			</LabelStyle>
			<LineStyle>
				<color>ff007cf5</color>
				<width>4</width>
			</LineStyle>
			<PolyStyle>
				<color>40ffffff</color>
			</PolyStyle>
			<BalloonStyle>
			</BalloonStyle>
		</Style>
	</gx:CascadingStyle>
	<gx:CascadingStyle kml:id="__managed_style_17E51DD7B23F7675F356_normal">
		<styleUrl>https://earth.google.com/balloon_components/base/1.1.0.0/card_template.kml#main</styleUrl>
		<Style>
			<IconStyle>
				<Icon>
					<href>https://earth.google.com/earth/document/icon?color=1976d2&amp;id=2000&amp;scale=4</href>
				</Icon>
				<hotSpot x="64" y="128" xunits="pixels" yunits="insetPixels"/>
			</IconStyle>
			<LabelStyle>
			</LabelStyle>
			<LineStyle>
				<color>ff26a7ff</color>
				<width>4</width>
			</LineStyle>
			<PolyStyle>
				<color>40ffffff</color>
			</PolyStyle>
			<BalloonStyle>
			</BalloonStyle>
		</Style>
	</gx:CascadingStyle>
	<gx:CascadingStyle kml:id="__managed_style_11AEFE53943F7675F34E_highlight">
		<Style>
			<IconStyle>
				<scale>1.2</scale>
				<Icon>
					<href>https://earth.google.com/earth/document/icon?color=1976d2&amp;id=2000&amp;scale=4</href>
				</Icon>
				<hotSpot x="64" y="128" xunits="pixels" yunits="insetPixels"/>
			</IconStyle>
			<LabelStyle>
			</LabelStyle>
			<LineStyle>
				<color>ff2dc0fb</color>
				<width>6</width>
			</LineStyle>
			<PolyStyle>
				<color>40ffffff</color>
			</PolyStyle>
			<BalloonStyle>
			</BalloonStyle>
		</Style>
	</gx:CascadingStyle>
	<gx:CascadingStyle kml:id="__managed_style_37BF8729713F7675F350_highlight">
		<styleUrl>https://earth.google.com/balloon_components/base/1.1.0.0/card_template.kml#main</styleUrl>
		<Style>
			<IconStyle>
				<scale>1.2</scale>
				<Icon>
					<href>https://earth.google.com/earth/document/icon?color=1976d2&amp;id=2000&amp;scale=4</href>
				</Icon>
				<hotSpot x="64" y="128" xunits="pixels" yunits="insetPixels"/>
			</IconStyle>
			<LabelStyle>
			</LabelStyle>
			<LineStyle>
				<color>ff3c8e38</color>
				<width>6</width>
			</LineStyle>
			<PolyStyle>
				<color>40ffffff</color>
			</PolyStyle>
			<BalloonStyle>
			</BalloonStyle>
		</Style>
	</gx:CascadingStyle>
	<gx:CascadingStyle kml:id="__managed_style_04C46C84663F7675F350_highlight">
		<styleUrl>https://earth.google.com/balloon_components/base/1.1.0.0/none_template.kml#main</styleUrl>
		<Style>
			<IconStyle>
				<scale>1.2</scale>
				<Icon>
					<href>https://earth.google.com/earth/document/icon?color=fbc02d&amp;id=2000&amp;scale=4</href>
				</Icon>
				<hotSpot x="64" y="128" xunits="pixels" yunits="insetPixels"/>
			</IconStyle>
			<LabelStyle>
			</LabelStyle>
			<LineStyle>
				<color>ff2dc0fb</color>
				<width>6</width>
			</LineStyle>
			<PolyStyle>
				<color>40ffffff</color>
			</PolyStyle>
			<BalloonStyle>
				<displayMode>hide</displayMode>
			</BalloonStyle>
		</Style>
	</gx:CascadingStyle>
	<gx:CascadingStyle kml:id="__managed_style_04C46C84663F7675F350_normal">
		<styleUrl>https://earth.google.com/balloon_components/base/1.1.0.0/none_template.kml#main</styleUrl>
		<Style>
			<IconStyle>
				<Icon>
					<href>https://earth.google.com/earth/document/icon?color=fbc02d&amp;id=2000&amp;scale=4</href>
				</Icon>
				<hotSpot x="64" y="128" xunits="pixels" yunits="insetPixels"/>
			</IconStyle>
			<LabelStyle>
			</LabelStyle>
			<LineStyle>
				<color>ff2dc0fb</color>
				<width>4</width>
			</LineStyle>
			<PolyStyle>
				<color>40ffffff</color>
			</PolyStyle>
			<BalloonStyle>
				<displayMode>hide</displayMode>
			</BalloonStyle>
		</Style>
	</gx:CascadingStyle>
	<StyleMap id="__managed_style_051431C2FF3F7675F354">
		<Pair>
			<key>normal</key>
			<styleUrl>#__managed_style_051431C2FF3F7675F354_normal</styleUrl>
		</Pair>
		<Pair>
			<key>highlight</key>
			<styleUrl>#__managed_style_051431C2FF3F7675F354_highlight</styleUrl>
		</Pair>
	</StyleMap>
	<StyleMap id="__managed_style_04C46C84663F7675F350">
		<Pair>
			<key>normal</key>
			<styleUrl>#__managed_style_04C46C84663F7675F350_normal</styleUrl>
		</Pair>
		<Pair>
			<key>highlight</key>
			<styleUrl>#__managed_style_04C46C84663F7675F350_highlight</styleUrl>
		</Pair>
	</StyleMap>
	<gx:CascadingStyle kml:id="__managed_style_03A0FE668F3F7675F351_highlight">
		<styleUrl>https://earth.google.com/balloon_components/base/1.1.0.0/card_template.kml#main</styleUrl>
		<Style>
			<IconStyle>
				<scale>1.2</scale>
				<Icon>
					<href>https://earth.google.com/earth/document/icon?color=1976d2&amp;id=2000&amp;scale=4</href>
				</Icon>
				<hotSpot x="64" y="128" xunits="pixels" yunits="insetPixels"/>
			</IconStyle>
			<LabelStyle>
			</LabelStyle>
			<LineStyle>
				<color>ffd27619</color>
				<width>6</width>
			</LineStyle>
			<PolyStyle>
				<color>40ffffff</color>
			</PolyStyle>
			<BalloonStyle>
			</BalloonStyle>
		</Style>
	</gx:CascadingStyle>
	<gx:CascadingStyle kml:id="__managed_style_0913F9CC9F3F7675F34C_normal">
		<Style>
			<IconStyle>
				<Icon>
					<href>https://earth.google.com/earth/document/icon?color=fbc02d&amp;id=2000&amp;scale=4</href>
				</Icon>
				<hotSpot x="64" y="128" xunits="pixels" yunits="insetPixels"/>
			</IconStyle>
			<LabelStyle>
			</LabelStyle>
			<LineStyle>
				<color>ff2dc0fb</color>
				<width>4</width>
			</LineStyle>
			<PolyStyle>
				<color>40ffffff</color>
			</PolyStyle>
			<BalloonStyle>
				<gx:displayMode>card</gx:displayMode>
			</BalloonStyle>
		</Style>
	</gx:CascadingStyle>
	<StyleMap id="__managed_style_00A28988A63F7675F34F">
		<Pair>
			<key>normal</key>
			<styleUrl>#__managed_style_00A28988A63F7675F34F_normal</styleUrl>
		</Pair>
		<Pair>
			<key>highlight</key>
			<styleUrl>#__managed_style_00A28988A63F7675F34F_highlight</styleUrl>
		</Pair>
	</StyleMap>
	<gx:CascadingStyle kml:id="__managed_style_0A878673B33F7675F34E_normal">
		<Style>
			<IconStyle>
				<Icon>
					<href>https://earth.google.com/earth/document/icon?color=1976d2&amp;id=2000&amp;scale=4</href>
				</Icon>
				<hotSpot x="64" y="128" xunits="pixels" yunits="insetPixels"/>
			</IconStyle>
			<LabelStyle>
			</LabelStyle>
			<LineStyle>
				<color>ffd27619</color>
				<width>4</width>
			</LineStyle>
			<PolyStyle>
				<color>40ffffff</color>
			</PolyStyle>
			<BalloonStyle>
			</BalloonStyle>
		</Style>
	</gx:CascadingStyle>
	<gx:CascadingStyle kml:id="__managed_style_19CE28BBF93F7675F353_highlight">
		<styleUrl>https://earth.google.com/balloon_components/base/1.1.0.0/card_template.kml#main</styleUrl>
		<Style>
			<IconStyle>
				<scale>1.2</scale>
				<Icon>
					<href>https://earth.google.com/earth/document/icon?color=1976d2&amp;id=2000&amp;scale=4</href>
				</Icon>
				<hotSpot x="64" y="128" xunits="pixels" yunits="insetPixels"/>
			</IconStyle>
			<LabelStyle>
			</LabelStyle>
			<LineStyle>
				<color>ff2dc0fb</color>
				<width>6</width>
			</LineStyle>
			<PolyStyle>
				<color>40ffffff</color>
			</PolyStyle>
			<BalloonStyle>
			</BalloonStyle>
		</Style>
	</gx:CascadingStyle>
	<StyleMap id="__managed_style_25E7EEC4393F7675F350">
		<Pair>
			<key>normal</key>
			<styleUrl>#__managed_style_25E7EEC4393F7675F350_normal</styleUrl>
		</Pair>
		<Pair>
			<key>highlight</key>
			<styleUrl>#__managed_style_25E7EEC4393F7675F350_highlight</styleUrl>
		</Pair>
	</StyleMap>
	<gx:CascadingStyle kml:id="__managed_style_0913F9CC9F3F7675F34C_highlight">
		<Style>
			<IconStyle>
				<scale>1.2</scale>
				<Icon>
					<href>https://earth.google.com/earth/document/icon?color=fbc02d&amp;id=2000&amp;scale=4</href>
				</Icon>
				<hotSpot x="64" y="128" xunits="pixels" yunits="insetPixels"/>
			</IconStyle>
			<LabelStyle>
			</LabelStyle>
			<LineStyle>
				<color>ff2dc0fb</color>
				<width>6</width>
			</LineStyle>
			<PolyStyle>
				<color>40ffffff</color>
			</PolyStyle>
			<BalloonStyle>
				<gx:displayMode>card</gx:displayMode>
			</BalloonStyle>
		</Style>
	</gx:CascadingStyle>
	<StyleMap id="__managed_style_19CE28BBF93F7675F353">
		<Pair>
			<key>normal</key>
			<styleUrl>#__managed_style_19CE28BBF93F7675F353_normal</styleUrl>
		</Pair>
		<Pair>
			<key>highlight</key>
			<styleUrl>#__managed_style_19CE28BBF93F7675F353_highlight</styleUrl>
		</Pair>
	</StyleMap>
	<gx:CascadingStyle kml:id="__managed_style_107C75ED5F3F7675F354_highlight">
		<Style>
			<IconStyle>
				<scale>1.2</scale>
				<Icon>
					<href>https://earth.google.com/earth/document/icon?color=1976d2&amp;id=2000&amp;scale=4</href>
				</Icon>
				<hotSpot x="64" y="128" xunits="pixels" yunits="insetPixels"/>
			</IconStyle>
			<LabelStyle>
			</LabelStyle>
			<LineStyle>
				<color>fff5a542</color>
				<width>6</width>
			</LineStyle>
			<PolyStyle>
				<color>40ffffff</color>
			</PolyStyle>
			<BalloonStyle>
			</BalloonStyle>
		</Style>
	</gx:CascadingStyle>
	<gx:CascadingStyle kml:id="__managed_style_11AEFE53943F7675F34E_normal">
		<Style>
			<IconStyle>
				<Icon>
					<href>https://earth.google.com/earth/document/icon?color=1976d2&amp;id=2000&amp;scale=4</href>
				</Icon>
				<hotSpot x="64" y="128" xunits="pixels" yunits="insetPixels"/>
			</IconStyle>
			<LabelStyle>
			</LabelStyle>
			<LineStyle>
				<color>ff2dc0fb</color>
				<width>4</width>
			</LineStyle>
			<PolyStyle>
				<color>40ffffff</color>
			</PolyStyle>
			<BalloonStyle>
			</BalloonStyle>
		</Style>
	</gx:CascadingStyle>
	<StyleMap id="__managed_style_0A9AA24C683F7675F356">
		<Pair>
			<key>normal</key>
			<styleUrl>#__managed_style_0A9AA24C683F7675F356_normal</styleUrl>
		</Pair>
		<Pair>
			<key>highlight</key>
			<styleUrl>#__managed_style_0A9AA24C683F7675F356_highlight</styleUrl>
		</Pair>
	</StyleMap>
	<gx:CascadingStyle kml:id="__managed_style_299FE4AB163F7675F354_highlight">
		<Style>
			<IconStyle>
				<scale>1.2</scale>
				<Icon>
					<href>https://earth.google.com/earth/document/icon?color=1976d2&amp;id=2000&amp;scale=4</href>
				</Icon>
				<hotSpot x="64" y="128" xunits="pixels" yunits="insetPixels"/>
			</IconStyle>
			<LabelStyle>
			</LabelStyle>
			<LineStyle>
				<color>ff2dc0fb</color>
				<width>6</width>
			</LineStyle>
			<PolyStyle>
				<color>40ffffff</color>
			</PolyStyle>
			<BalloonStyle>
			</BalloonStyle>
		</Style>
	</gx:CascadingStyle>
	<StyleMap id="__managed_style_0712B5791D3F7675F353">
		<Pair>
			<key>normal</key>
			<styleUrl>#__managed_style_0712B5791D3F7675F353_normal</styleUrl>
		</Pair>
		<Pair>
			<key>highlight</key>
			<styleUrl>#__managed_style_0712B5791D3F7675F353_highlight</styleUrl>
		</Pair>
	</StyleMap>
	<StyleMap id="__managed_style_11AEFE53943F7675F34E">
		<Pair>
			<key>normal</key>
			<styleUrl>#__managed_style_11AEFE53943F7675F34E_normal</styleUrl>
		</Pair>
		<Pair>
			<key>highlight</key>
			<styleUrl>#__managed_style_11AEFE53943F7675F34E_highlight</styleUrl>
		</Pair>
	</StyleMap>
	<Placemark id="0CB9D03D7A3CDDC69CD7">
		<name>Mediterranean Course</name>
		<snippet></snippet>
		<LookAt>
			<longitude>5.426649548592288</longitude>
			<latitude>35.31977317251847</latitude>
			<altitude>1430.331550730755</altitude>
			<heading>355.3919571956649</heading>
			<tilt>0</tilt>
			<gx:fovy>34.99999994921607</gx:fovy>
			<range>7045413.18772316</range>
			<altitudeMode>absolute</altitudeMode>
		</LookAt>
		<styleUrl>#__managed_style_19CE28BBF93F7675F353</styleUrl>
		<LineString>
			<coordinates>
				-17.00703889314171,32.27832258573852,0 -12.72141827088791,32.54399381655728,0 -7.744981807825932,34.25275273069285,0 -5.705129431945945,35.9174916902759,0 -1.92132190351345,36.42312946288932,0 0.6401635998554789,38.66640052735183,0 -0.294043723819053,39.65162343315811,0 2.686502978834553,39.74685021909028,0 2.179508958835583,41.59699822045382,0 5.296063462867244,43.3792433256173,0 5.628294897591406,42.74637053415484,0 10.27880636430871,43.64580815370273,0 10.42277825310621,42.92960843133829,0 12.28487593303047,41.73765495424152,0 13.10014782416382,41.12238149807887,0 14.27193863100303,40.84135487811434,0 14.45671093513504,40.73416099728684,0 14.24783878291553,40.6356369040431,0 15.6007123856621,38.59551974900097,0 15.61068218520961,37.67538095625723,0 16.2743369026532,37.82535640139185,0 17.58849216073638,38.81069820795393,0 18.76246370496646,40.0894180131434,0 17.97160099784406,41.08602367459114,0 15.05980399834266,42.5306217343216,0 13.97599866063028,43.41509259375168,0 12.27362187770434,45.50421438041843,0 13.74319285135045,45.75842732877336,0 13.64879683131931,45.27671807020744,0 13.64675874642906,44.81984010304014,0 19.41405952766569,41.4603076963454,0 20.41723203495895,36.61692114994123,0 24.68384011342908,35.77547699493285,0 29.89469313114436,31.20561360569316,0 29.35207486441657,36.46367995519077,0 23.70745115999426,38.47055344924697,0 26.74302509753427,40.44404592757882,0 28.99754092808908,41.06045094909734,0 28.65374872307135,44.18693754033573,0 
			</coordinates>
		</LineString>
	</Placemark>
	<Folder id="0B021CAC6F3CE4E0EF74">
		<name>Mediterranean Destinations</name>
		<visibility>0</visibility>
		<styleUrl>#__managed_style_11AEFE53943F7675F34E</styleUrl>
		<Placemark id="07B544C57F3CE4F40516">
			<gx:mid>/m/04llb</gx:mid>
			<gx:fid>0xd19331a61e4f33b:0x400ebbde49036d0</gx:fid>
			<LookAt>
				<longitude>-9.1597358</longitude>
				<latitude>38.74407945</latitude>
				<altitude>0</altitude>
				<heading>0</heading>
				<tilt>0</tilt>
				<gx:fovy>35</gx:fovy>
				<range>80308.57301191874</range>
				<altitudeMode>relativeToGround</altitudeMode>
			</LookAt>
			<styleUrl>#__managed_style_0913F9CC9F3F7675F34C</styleUrl>
			<Point>
				<altitudeMode>relativeToGround</altitudeMode>
				<coordinates>-9.929557779798968,40.13645685680976,0</coordinates>
			</Point>
		</Placemark>
		<Placemark id="01FC25FA963CE51E6FE4">
			<gx:mid>/m/0ftn8</gx:mid>
			<gx:fid>0x12fd337f5e7ef543:0xd671924e714a0275</gx:fid>
			<LookAt>
				<longitude>10.1432776</longitude>
				<latitude>36.79488294999999</latitude>
				<altitude>0</altitude>
				<heading>0</heading>
				<tilt>0</tilt>
				<gx:fovy>35</gx:fovy>
				<range>37231.71320423917</range>
				<altitudeMode>relativeToGround</altitudeMode>
			</LookAt>
			<styleUrl>#__managed_style_0913F9CC9F3F7675F34C</styleUrl>
			<Point>
				<altitudeMode>relativeToGround</altitudeMode>
				<coordinates>10.1815316,36.8064948,0</coordinates>
			</Point>
		</Placemark>
		<Placemark id="05EFA903BD3CE515061B">
			<gx:mid>/m/0n2z</gx:mid>
			<gx:fid>0x14a1bd1f067043f1:0x2736354576668ddd</gx:fid>
			<LookAt>
				<longitude>23.73833935</longitude>
				<latitude>37.9908372</latitude>
				<altitude>0</altitude>
				<heading>0</heading>
				<tilt>0</tilt>
				<gx:fovy>35</gx:fovy>
				<range>18321.18523663722</range>
				<altitudeMode>relativeToGround</altitudeMode>
			</LookAt>
			<styleUrl>#__managed_style_0913F9CC9F3F7675F34C</styleUrl>
			<Point>
				<altitudeMode>relativeToGround</altitudeMode>
				<coordinates>23.72753879999999,37.9838096,0</coordinates>
			</Point>
		</Placemark>
		<Placemark id="0AA0ECBD8E3CE514BAB4">
			<gx:mid>/m/07_pf</gx:mid>
			<gx:fid>0x477eb1daf1d63d89:0x7ba3c6f0bd92102f</gx:fid>
			<LookAt>
				<longitude>12.38733285</longitude>
				<latitude>45.40454325</latitude>
				<altitude>0</altitude>
				<heading>0</heading>
				<tilt>0</tilt>
				<gx:fovy>35</gx:fovy>
				<range>65286.59573579171</range>
				<altitudeMode>relativeToGround</altitudeMode>
			</LookAt>
			<styleUrl>#__managed_style_0913F9CC9F3F7675F34C</styleUrl>
			<Point>
				<altitudeMode>relativeToGround</altitudeMode>
				<coordinates>12.3159547,45.440379,0</coordinates>
			</Point>
		</Placemark>
		<Placemark id="0F26C553B23CE515D943">
			<gx:mid>/m/013g3</gx:mid>
			<gx:fid>0x14f5c49126710fd3:0xb4e0cda629ee6bb9</gx:fid>
			<LookAt>
				<longitude>29.9548859</longitude>
				<latitude>31.22411085</latitude>
				<altitude>0</altitude>
				<heading>0</heading>
				<tilt>0</tilt>
				<gx:fovy>35</gx:fovy>
				<range>39759.19013540379</range>
				<altitudeMode>relativeToGround</altitudeMode>
			</LookAt>
			<styleUrl>#__managed_style_0913F9CC9F3F7675F34C</styleUrl>
			<Point>
				<altitudeMode>relativeToGround</altitudeMode>
				<coordinates>29.9187387,31.2000924,0</coordinates>
			</Point>
		</Placemark>
		<Placemark id="007928ADA03CE51760DA">
			<gx:mid>/m/01f62</gx:mid>
			<gx:fid>0x12a49816718e30e5:0x44b0fb3d4f47660a</gx:fid>
			<LookAt>
				<longitude>2.14018905</longitude>
				<latitude>41.39266805</latitude>
				<altitude>0</altitude>
				<heading>0</heading>
				<tilt>0</tilt>
				<gx:fovy>35</gx:fovy>
				<range>34879.6186507157</range>
				<altitudeMode>relativeToGround</altitudeMode>
			</LookAt>
			<styleUrl>#__managed_style_0913F9CC9F3F7675F34C</styleUrl>
			<Point>
				<altitudeMode>relativeToGround</altitudeMode>
				<coordinates>2.1686496,41.3874374,0</coordinates>
			</Point>
		</Placemark>
		<Placemark id="035169506F3CE5199452">
			<gx:mid>/m/0mgmz</gx:mid>
			<gx:fid>0x133bbc95914ba4ef:0xd2d18a72aeb414a4</gx:fid>
			<LookAt>
				<longitude>14.49368215</longitude>
				<latitude>40.7466196</latitude>
				<altitude>0</altitude>
				<heading>0</heading>
				<tilt>0</tilt>
				<gx:fovy>35</gx:fovy>
				<range>8806.009345123908</range>
				<altitudeMode>relativeToGround</altitudeMode>
			</LookAt>
			<styleUrl>#__managed_style_0913F9CC9F3F7675F34C</styleUrl>
			<Point>
				<altitudeMode>relativeToGround</altitudeMode>
				<coordinates>14.5053119,40.7496576,0</coordinates>
			</Point>
		</Placemark>
		<Placemark id="0D5F9C15723CE518446C">
			<gx:mid>/m/0jdtt</gx:mid>
			<gx:fid>0x12c9bf4344da5333:0x40819a5fd970220</gx:fid>
			<LookAt>
				<longitude>5.3806472</longitude>
				<latitude>43.28034389999999</latitude>
				<altitude>0</altitude>
				<heading>0</heading>
				<tilt>0</tilt>
				<gx:fovy>35</gx:fovy>
				<range>67696.0467028506</range>
				<altitudeMode>relativeToGround</altitudeMode>
			</LookAt>
			<styleUrl>#__managed_style_0913F9CC9F3F7675F34C</styleUrl>
			<Point>
				<altitudeMode>relativeToGround</altitudeMode>
				<coordinates>5.369074299999999,43.3025742,0</coordinates>
			</Point>
		</Placemark>
		<Placemark id="02EE645D133CE517345C">
			<gx:mid>/m/0jwz5</gx:mid>
			<gx:fid>0x12979259c61ac757:0xc40d5406c3d058c6</gx:fid>
			<LookAt>
				<longitude>2.6468511</longitude>
				<latitude>39.5730065</latitude>
				<altitude>0</altitude>
				<heading>0</heading>
				<tilt>0</tilt>
				<gx:fovy>35</gx:fovy>
				<range>17919.11100894854</range>
				<altitudeMode>relativeToGround</altitudeMode>
			</LookAt>
			<styleUrl>#__managed_style_0913F9CC9F3F7675F34C</styleUrl>
			<Point>
				<altitudeMode>relativeToGround</altitudeMode>
				<coordinates>2.6568551,39.5726541,0</coordinates>
			</Point>
		</Placemark>
		<Placemark id="0D23A168283CE51B04E3">
			<gx:mid>/m/01kmyh</gx:mid>
			<gx:fid>0x12d5e967eb7e0fa3:0x602df37d22da13d4</gx:fid>
			<LookAt>
				<longitude>10.3252839</longitude>
				<latitude>43.5395499</latitude>
				<altitude>0</altitude>
				<heading>0</heading>
				<tilt>0</tilt>
				<gx:fovy>35</gx:fovy>
				<range>33703.47571958694</range>
				<altitudeMode>relativeToGround</altitudeMode>
			</LookAt>
			<styleUrl>#__managed_style_0913F9CC9F3F7675F34C</styleUrl>
			<Point>
				<altitudeMode>relativeToGround</altitudeMode>
				<coordinates>10.3106087,43.548476,0</coordinates>
			</Point>
		</Placemark>
		<Placemark id="02480706A93CE5174D79">
			<gx:mid>/m/0h3tv</gx:mid>
			<gx:fid>0xd604f4cf0efb06f:0xb4a351011f7f1d39</gx:fid>
			<LookAt>
				<longitude>-0.3615113</longitude>
				<latitude>39.40778525</latitude>
				<altitude>0</altitude>
				<heading>0</heading>
				<tilt>0</tilt>
				<gx:fovy>35</gx:fovy>
				<range>35923.48538584358</range>
				<altitudeMode>relativeToGround</altitudeMode>
			</LookAt>
			<styleUrl>#__managed_style_0913F9CC9F3F7675F34C</styleUrl>
			<Point>
				<altitudeMode>relativeToGround</altitudeMode>
				<coordinates>-0.3756348,39.4738338,0</coordinates>
			</Point>
		</Placemark>
		<Placemark id="0733D8D5F53CE51E01C4">
			<gx:mid>/m/022b_</gx:mid>
			<gx:fid>0xda7cd4778aa113b:0xb06c1d84f310fd3</gx:fid>
			<LookAt>
				<longitude>-7.586992499999999</longitude>
				<latitude>33.57228749999999</latitude>
				<altitude>0</altitude>
				<heading>0</heading>
				<tilt>0</tilt>
				<gx:fovy>35</gx:fovy>
				<range>38738.30279196166</range>
				<altitudeMode>relativeToGround</altitudeMode>
			</LookAt>
			<styleUrl>#__managed_style_0913F9CC9F3F7675F34C</styleUrl>
			<Point>
				<altitudeMode>relativeToGround</altitudeMode>
				<coordinates>-7.589843399999999,33.5731104,0</coordinates>
			</Point>
		</Placemark>
		<Placemark id="007B9C16AB3CE519D0A3">
			<gx:mid>/g/1233f22n</gx:mid>
			<gx:fid>0x133b0866db7afaeb:0xd23a43cc658cb87e</gx:fid>
			<LookAt>
				<longitude>14.24660235</longitude>
				<latitude>40.85393345</latitude>
				<altitude>0</altitude>
				<heading>0</heading>
				<tilt>0</tilt>
				<gx:fovy>35</gx:fovy>
				<range>35167.13564707308</range>
				<altitudeMode>relativeToGround</altitudeMode>
			</LookAt>
			<styleUrl>#__managed_style_0913F9CC9F3F7675F34C</styleUrl>
			<Point>
				<altitudeMode>relativeToGround</altitudeMode>
				<coordinates>14.2681244,40.8517746,0</coordinates>
			</Point>
		</Placemark>
		<Placemark id="0D33A870613CE51A1051">
			<gx:mid>/m/06c62</gx:mid>
			<gx:fid>0x132f6196f9928ebb:0xb90f770693656e38</gx:fid>
			<LookAt>
				<longitude>12.5359979</longitude>
				<latitude>41.9100711</latitude>
				<altitude>0</altitude>
				<heading>0</heading>
				<tilt>0</tilt>
				<gx:fovy>35</gx:fovy>
				<range>69201.1655772284</range>
				<altitudeMode>relativeToGround</altitudeMode>
			</LookAt>
			<styleUrl>#__managed_style_0913F9CC9F3F7675F34C</styleUrl>
			<Point>
				<altitudeMode>relativeToGround</altitudeMode>
				<coordinates>12.4822025,41.8967068,0</coordinates>
			</Point>
		</Placemark>
		<Placemark id="057674469A3CE51A2E1E">
			<gx:mid>/m/031y2</gx:mid>
			<gx:fid>0x132a56a680d2d6ad:0x93d57917efc72a03</gx:fid>
			<LookAt>
				<longitude>11.2409679</longitude>
				<latitude>43.77995815</latitude>
				<altitude>0</altitude>
				<heading>0</heading>
				<tilt>0</tilt>
				<gx:fovy>35</gx:fovy>
				<range>33568.79412016243</range>
				<altitudeMode>relativeToGround</altitudeMode>
			</LookAt>
			<styleUrl>#__managed_style_0913F9CC9F3F7675F34C</styleUrl>
			<Point>
				<altitudeMode>relativeToGround</altitudeMode>
				<coordinates>11.2576706,43.7699685,0</coordinates>
			</Point>
		</Placemark>
		<Placemark id="07198E22633D07210774">
			<gx:mid>/g/122zjww4</gx:mid>
			<gx:fid>0x149afe2f827d98a1:0x100bd2ce2b9c630</gx:fid>
			<LookAt>
				<longitude>24.91207</longitude>
				<latitude>35.24828895</latitude>
				<altitude>0</altitude>
				<heading>0</heading>
				<tilt>0</tilt>
				<gx:fovy>35</gx:fovy>
				<range>810416.9767132708</range>
				<altitudeMode>relativeToGround</altitudeMode>
			</LookAt>
			<styleUrl>#__managed_style_0913F9CC9F3F7675F34C</styleUrl>
			<Point>
				<altitudeMode>relativeToGround</altitudeMode>
				<coordinates>24.8092691,35.240117,0</coordinates>
			</Point>
		</Placemark>
		<Placemark id="0D664B56593D07224EEC">
			<gx:mid>/g/11b6ghqg8t</gx:mid>
			<gx:fid>0x14c03f4958b7ec5f:0xf676a21ef8931164</gx:fid>
			<LookAt>
				<longitude>29.13767</longitude>
				<latitude>36.5610855</latitude>
				<altitude>0</altitude>
				<heading>0</heading>
				<tilt>0</tilt>
				<gx:fovy>35</gx:fovy>
				<range>1141.772030783337</range>
				<altitudeMode>relativeToGround</altitudeMode>
			</LookAt>
			<styleUrl>#__managed_style_0913F9CC9F3F7675F34C</styleUrl>
			<Point>
				<altitudeMode>relativeToGround</altitudeMode>
				<coordinates>29.13767,36.5610855,0</coordinates>
			</Point>
		</Placemark>
		<Placemark id="08D3C8344C3D07231001">
			<gx:mid>/m/09949m</gx:mid>
			<gx:fid>0x14caa7040068086b:0xe1ccfe98bc01b0d0</gx:fid>
			<LookAt>
				<longitude>29.01217945</longitude>
				<latitude>41.0053215</latitude>
				<altitude>0</altitude>
				<heading>0</heading>
				<tilt>0</tilt>
				<gx:fovy>35</gx:fovy>
				<range>187220.1951261731</range>
				<altitudeMode>relativeToGround</altitudeMode>
			</LookAt>
			<styleUrl>#__managed_style_0913F9CC9F3F7675F34C</styleUrl>
			<Point>
				<altitudeMode>relativeToGround</altitudeMode>
				<coordinates>28.9783589,41.0082376,0</coordinates>
			</Point>
		</Placemark>
		<Placemark id="06C17D5ACE3D093293D7">
			<gx:mid>/m/01n2gr</gx:mid>
			<gx:fid>0x134fd97c5fbbbcc7:0x77f377eae6cd81ee</gx:fid>
			<LookAt>
				<longitude>19.46635725</longitude>
				<latitude>41.3313358</latitude>
				<altitude>0</altitude>
				<heading>0</heading>
				<tilt>0</tilt>
				<gx:fovy>35</gx:fovy>
				<range>34912.50705551154</range>
				<altitudeMode>relativeToGround</altitudeMode>
			</LookAt>
			<styleUrl>#__managed_style_0913F9CC9F3F7675F34C</styleUrl>
			<Point>
				<altitudeMode>relativeToGround</altitudeMode>
				<coordinates>19.4564686,41.3245904,0</coordinates>
			</Point>
		</Placemark>
		<Placemark id="0ABA770B4F3D09332D0D">
			<gx:mid>/m/0fjsl</gx:mid>
			<gx:fid>0x477b6b06e4edf533:0x666a2484d4dd2b50</gx:fid>
			<LookAt>
				<longitude>13.78366195</longitude>
				<latitude>45.65232015000001</latitude>
				<altitude>0</altitude>
				<heading>0</heading>
				<tilt>0</tilt>
				<gx:fovy>35</gx:fovy>
				<range>16249.90936866887</range>
				<altitudeMode>relativeToGround</altitudeMode>
			</LookAt>
			<styleUrl>#__managed_style_0913F9CC9F3F7675F34C</styleUrl>
			<Point>
				<altitudeMode>relativeToGround</altitudeMode>
				<coordinates>13.7674486,45.6508342,0</coordinates>
			</Point>
		</Placemark>
		<Placemark id="014E4454643D0933E6D5">
			<gx:mid>/m/02n17m</gx:mid>
			<gx:fid>0x477cbf634d5c86ff:0xffc69f61c598ae53</gx:fid>
			<LookAt>
				<longitude>13.67042805</longitude>
				<latitude>45.0737283</latitude>
				<altitude>0</altitude>
				<heading>0</heading>
				<tilt>0</tilt>
				<gx:fovy>35</gx:fovy>
				<range>32833.90938205225</range>
				<altitudeMode>relativeToGround</altitudeMode>
			</LookAt>
			<styleUrl>#__managed_style_0913F9CC9F3F7675F34C</styleUrl>
			<Point>
				<altitudeMode>relativeToGround</altitudeMode>
				<coordinates>13.6387067,45.0811661,0</coordinates>
			</Point>
		</Placemark>
		<Placemark id="051FFD46CD3D09377423">
			<gx:mid>/m/027m24t</gx:mid>
			<gx:fid>0x1325efd9afa2093d:0xafc77c4dac72cf41</gx:fid>
			<LookAt>
				<longitude>12.29101385</longitude>
				<latitude>41.7223927</latitude>
				<altitude>0</altitude>
				<heading>0</heading>
				<tilt>0</tilt>
				<gx:fovy>35</gx:fovy>
				<range>17351.06260426404</range>
				<altitudeMode>relativeToGround</altitudeMode>
			</LookAt>
			<styleUrl>#__managed_style_0913F9CC9F3F7675F34C</styleUrl>
			<Point>
				<altitudeMode>relativeToGround</altitudeMode>
				<coordinates>12.2862694,41.7311182,0</coordinates>
			</Point>
		</Placemark>
		<Placemark id="03BB60F3733D093B053C">
			<gx:mid>/m/01w2v</gx:mid>
			<gx:fid>0x14583fa60b21beeb:0x79dfb296e8423bba</gx:fid>
			<LookAt>
				<longitude>31.25846435</longitude>
				<latitude>30.05948845</latitude>
				<altitude>0</altitude>
				<heading>0</heading>
				<tilt>0</tilt>
				<gx:fovy>35</gx:fovy>
				<range>20120.42508153958</range>
				<altitudeMode>relativeToGround</altitudeMode>
			</LookAt>
			<styleUrl>#__managed_style_0913F9CC9F3F7675F34C</styleUrl>
			<Point>
				<altitudeMode>relativeToGround</altitudeMode>
				<coordinates>31.2357116,30.0444196,0</coordinates>
			</Point>
		</Placemark>
		<Placemark id="0F2768E9D23D093D403C">
			<gx:mid>/m/0180b5</gx:mid>
			<gx:fid>0x144915cf52cd95cd:0xe0f5dd2b8b1c0e96</gx:fid>
			<LookAt>
				<longitude>32.65946695</longitude>
				<latitude>25.69494115</latitude>
				<altitude>0</altitude>
				<heading>0</heading>
				<tilt>0</tilt>
				<gx:fovy>35</gx:fovy>
				<range>20948.23971831033</range>
				<altitudeMode>relativeToGround</altitudeMode>
			</LookAt>
			<styleUrl>#__managed_style_0913F9CC9F3F7675F34C</styleUrl>
			<Point>
				<altitudeMode>relativeToGround</altitudeMode>
				<coordinates>32.6396357,25.6872431,0</coordinates>
			</Point>
		</Placemark>
	</Folder>
	<Placemark id="0F5A2991743CDDC8B187">
		<name>North Atlantic Crossing</name>
		<LookAt>
			<longitude>-29.40773554749396</longitude>
			<latitude>13.65078959486931</latitude>
			<altitude>-5084.564425061413</altitude>
			<heading>0</heading>
			<tilt>0</tilt>
			<gx:fovy>34.99999994921607</gx:fovy>
			<range>10766170.31365156</range>
			<altitudeMode>absolute</altitudeMode>
		</LookAt>
		<styleUrl>#__managed_style_03A0FE668F3F7675F351</styleUrl>
		<LineString>
			<coordinates>
				-16.90417844432844,32.66520883457,0 -16.24606816699752,28.51545468434881,0 -18.19336381146054,21.05751514959768,0 -17.66828583578121,14.74720376059824,0 -16.62562333317717,13.48042238142422,0 -24.95523327220139,17.02250626913812,0 -44.15159993548691,-2.128353607336062,0 
			</coordinates>
		</LineString>
	</Placemark>
	<Folder id="06AC6785E53CDDD9DFBC">
		<name>North Atlantic Destinations</name>
		<visibility>0</visibility>
		<styleUrl>#__managed_style_11AEFE53943F7675F34E</styleUrl>
		<Placemark id="09872E4DBC3CDDB4270C">
			<name>Madeira - Funchal</name>
			<LookAt>
				<longitude>-16.92467055</longitude>
				<latitude>32.66004165</latitude>
				<altitude>0</altitude>
				<heading>0</heading>
				<tilt>0</tilt>
				<gx:fovy>35</gx:fovy>
				<range>9785.683223264157</range>
				<altitudeMode>relativeToGround</altitudeMode>
			</LookAt>
			<styleUrl>#__managed_style_04C46C84663F7675F350</styleUrl>
			<Point>
				<altitudeMode>relativeToGround</altitudeMode>
				<coordinates>-16.9082357,32.6506129,0</coordinates>
			</Point>
		</Placemark>
		<Placemark id="057B43AA1C3CDDB51635">
			<gx:mid>/m/0fn57</gx:mid>
			<gx:fid>0xee6dade3036540b:0x7c600c8883d34885</gx:fid>
			<LookAt>
				<longitude>-15.61232335</longitude>
				<latitude>11.8695469</latitude>
				<altitude>0</altitude>
				<heading>0</heading>
				<tilt>0</tilt>
				<gx:fovy>35</gx:fovy>
				<range>22749.95623058347</range>
				<altitudeMode>relativeToGround</altitudeMode>
			</LookAt>
			<styleUrl>#__managed_style_0913F9CC9F3F7675F34C</styleUrl>
			<Point>
				<altitudeMode>relativeToGround</altitudeMode>
				<coordinates>-15.5843227,11.8632196,0</coordinates>
			</Point>
		</Placemark>
		<Placemark id="0F92576B4E3CDDB5AE54">
			<gx:mid>/g/1pxyyzx3r</gx:mid>
			<gx:fid>0x92a461af84756ce1:0x570d540215864c35</gx:fid>
			<LookAt>
				<longitude>-48.4468639</longitude>
				<latitude>-1.34135195</latitude>
				<altitude>0</altitude>
				<heading>0</heading>
				<tilt>0</tilt>
				<gx:fovy>35</gx:fovy>
				<range>92962.57297396462</range>
				<altitudeMode>relativeToGround</altitudeMode>
			</LookAt>
			<styleUrl>#__managed_style_0913F9CC9F3F7675F34C</styleUrl>
			<Point>
				<altitudeMode>relativeToGround</altitudeMode>
				<coordinates>-48.501299,-1.4563432,0</coordinates>
			</Point>
		</Placemark>
		<Placemark id="07E010F3F13CDDB5EAF5">
			<gx:mid>/g/11bc5fbkt7</gx:mid>
			<gx:fid>0x929fc24b848310e1:0x8de1e4dd70f8c70d</gx:fid>
			<LookAt>
				<longitude>-50.39131249999999</longitude>
				<latitude>-0.15721345</latitude>
				<altitude>0</altitude>
				<heading>0</heading>
				<tilt>0</tilt>
				<gx:fovy>35</gx:fovy>
				<range>5746.081540589139</range>
				<altitudeMode>relativeToGround</altitudeMode>
			</LookAt>
			<styleUrl>#__managed_style_0913F9CC9F3F7675F34C</styleUrl>
			<Point>
				<altitudeMode>relativeToGround</altitudeMode>
				<coordinates>-50.39131250000001,-0.1572135,0</coordinates>
			</Point>
		</Placemark>
		<Placemark id="0F6CFFF3DF3CDDB62AF6">
			<gx:mid>/g/11b674hlqk</gx:mid>
			<gx:fid>0x929ad12e84f0156d:0x3b49477f9e3fac9b</gx:fid>
			<LookAt>
				<longitude>-52.57728900000001</longitude>
				<latitude>-1.5281453</latitude>
				<altitude>0</altitude>
				<heading>0</heading>
				<tilt>0</tilt>
				<gx:fovy>35</gx:fovy>
				<range>5743.346661550903</range>
				<altitudeMode>relativeToGround</altitudeMode>
			</LookAt>
			<styleUrl>#__managed_style_0913F9CC9F3F7675F34C</styleUrl>
			<Point>
				<altitudeMode>relativeToGround</altitudeMode>
				<coordinates>-52.577289,-1.5281453,0</coordinates>
			</Point>
		</Placemark>
		<Placemark id="06D17CD4BF3D01DE4B7E">
			<gx:mid>/g/11h1sqvpq</gx:mid>
			<gx:fid>0x6364d8aac095f6d:0xa4d086b37a949187</gx:fid>
			<LookAt>
				<longitude>-32.41117824999999</longitude>
				<latitude>-3.8434096</latitude>
				<altitude>0</altitude>
				<heading>0</heading>
				<tilt>0</tilt>
				<gx:fovy>35</gx:fovy>
				<range>3372.84766782912</range>
				<altitudeMode>relativeToGround</altitudeMode>
			</LookAt>
			<styleUrl>#__managed_style_0913F9CC9F3F7675F34C</styleUrl>
			<Point>
				<altitudeMode>relativeToGround</altitudeMode>
				<coordinates>-32.4107087,-3.842019,0</coordinates>
			</Point>
		</Placemark>
		<Placemark id="0F9748047E3D0330A1AD">
			<gx:mid>/m/01nqj</gx:mid>
			<gx:fid>0x9358f2159115131:0x6b1af236f918ea1f</gx:fid>
			<LookAt>
				<longitude>-23.98864745</longitude>
				<latitude>16.02312485</latitude>
				<altitude>0</altitude>
				<heading>0</heading>
				<tilt>0</tilt>
				<gx:fovy>35</gx:fovy>
				<range>953804.1903132453</range>
				<altitudeMode>relativeToGround</altitudeMode>
			</LookAt>
			<styleUrl>#__managed_style_0913F9CC9F3F7675F34C</styleUrl>
			<Point>
				<altitudeMode>relativeToGround</altitudeMode>
				<coordinates>-23.0418,16.5388,0</coordinates>
			</Point>
		</Placemark>
		<Placemark id="03AC429A493D0331CE3D">
			<name>Canary Islands - Santa Cruz de Tenerife</name>
			<LookAt>
				<longitude>-16.28633455</longitude>
				<latitude>28.4578204</latitude>
				<altitude>0</altitude>
				<heading>0</heading>
				<tilt>0</tilt>
				<gx:fovy>35</gx:fovy>
				<range>27264.01769606352</range>
				<altitudeMode>relativeToGround</altitudeMode>
			</LookAt>
			<styleUrl>#__managed_style_04C46C84663F7675F350</styleUrl>
			<Point>
				<altitudeMode>relativeToGround</altitudeMode>
				<coordinates>-16.2518467,28.4636296,0</coordinates>
			</Point>
		</Placemark>
		<Placemark id="0DB3BC3AA63D07078BDC">
			<gx:mid>/m/0k02b</gx:mid>
			<gx:fid>0x94f1eaf0349fc17:0xc7052d2993b8f4f3</gx:fid>
			<LookAt>
				<longitude>-24.98157985</longitude>
				<latitude>16.8827038</latitude>
				<altitude>0</altitude>
				<heading>0</heading>
				<tilt>0</tilt>
				<gx:fovy>35</gx:fovy>
				<range>14837.30615188513</range>
				<altitudeMode>relativeToGround</altitudeMode>
			</LookAt>
			<styleUrl>#__managed_style_0913F9CC9F3F7675F34C</styleUrl>
			<Point>
				<altitudeMode>relativeToGround</altitudeMode>
				<coordinates>-24.9874331,16.8839948,0</coordinates>
			</Point>
		</Placemark>
	</Folder>
	<Placemark id="0E294715F53D0340A8F7">
		<name>South America (SE) Course</name>
		<snippet></snippet>
		<LookAt>
			<longitude>-49.70464698748648</longitude>
			<latitude>-30.86084243482033</latitude>
			<altitude>392.9560499133769</altitude>
			<heading>7.262574688765496e-21</heading>
			<tilt>0</tilt>
			<gx:fovy>35</gx:fovy>
			<range>10073141.55071497</range>
			<altitudeMode>absolute</altitudeMode>
		</LookAt>
		<styleUrl>#__managed_style_051431C2FF3F7675F354</styleUrl>
		<LineString>
			<coordinates>
				-44.36738204296862,-2.008922254755471,0 -39.69113936936042,-2.650482681165649,0 -35.2579463528901,-5.089236961264998,0 -34.53741843394976,-7.63998118982179,0 -38.35313074454753,-12.8465312016519,0 -38.78500059884751,-20.71621941441617,0 -40.51841158492106,-23.58207136496807,0 -43.24579867352642,-22.86409933125264,0 -52.94577031790529,-34.77517215763591,0 -55.03460088968745,-34.93368168395883,0 -57.52472247031063,-37.99414535753122,0 -57.80321506531162,-51.53030492760452,0 -64.97958382705927,-54.8503209850965,0 -65.81382880242928,-55.1706322841103,0 -67.59800770110554,-54.93184107245767,0 
			</coordinates>
		</LineString>
	</Placemark>
	<Folder id="0EB1E7501D3CE4E82FBD">
		<name>South America (SE) Destinations</name>
		<styleUrl>#__managed_style_11AEFE53943F7675F34E</styleUrl>
		<Placemark id="07A65C1A393CDE8E22DA">
			<gx:mid>/m/01zdns</gx:mid>
			<gx:fid>0xbc4c22b5bad109bf:0x5498473dba43ebfc</gx:fid>
			<LookAt>
				<longitude>-68.30280339999999</longitude>
				<latitude>-54.80686315</latitude>
				<altitude>0</altitude>
				<heading>0</heading>
				<tilt>0</tilt>
				<gx:fovy>35</gx:fovy>
				<range>59343.0934042698</range>
				<altitudeMode>relativeToGround</altitudeMode>
			</LookAt>
			<styleUrl>#__managed_style_0913F9CC9F3F7675F34C</styleUrl>
			<Point>
				<altitudeMode>relativeToGround</altitudeMode>
				<coordinates>-68.30584089999999,-54.80761159999999,0</coordinates>
			</Point>
		</Placemark>
		<Placemark id="080678995F3D01C96B10">
			<gx:mid>/m/01psv5</gx:mid>
			<gx:fid>0x9584d94d19d34209:0xdd9670804bfed126</gx:fid>
			<LookAt>
				<longitude>-57.60053405</longitude>
				<latitude>-38.01756665</latitude>
				<altitude>0</altitude>
				<heading>0</heading>
				<tilt>0</tilt>
				<gx:fovy>35</gx:fovy>
				<range>97725.06834707098</range>
				<altitudeMode>relativeToGround</altitudeMode>
			</LookAt>
			<styleUrl>#__managed_style_0913F9CC9F3F7675F34C</styleUrl>
			<Point>
				<altitudeMode>relativeToGround</altitudeMode>
				<coordinates>-57.54261059999999,-38.0054771,0</coordinates>
			</Point>
		</Placemark>
		<Placemark id="0DAE92BD573D01CC51C4">
			<gx:mid>/m/0h1h798</gx:mid>
			<gx:fid>0x7b39efd9bf36869:0x40e9b5b9143c583c</gx:fid>
			<LookAt>
				<longitude>-35.26442154999999</longitude>
				<latitude>-5.4863911</latitude>
				<altitude>0</altitude>
				<heading>0</heading>
				<tilt>0</tilt>
				<gx:fovy>35</gx:fovy>
				<range>3362.871443124886</range>
				<altitudeMode>relativeToGround</altitudeMode>
			</LookAt>
			<styleUrl>#__managed_style_0913F9CC9F3F7675F34C</styleUrl>
			<Point>
				<altitudeMode>relativeToGround</altitudeMode>
				<coordinates>-35.2629155,-5.4854413,0</coordinates>
			</Point>
		</Placemark>
		<Placemark id="0976DCA9323D01C73145">
			<gx:mid>/m/06gmr</gx:mid>
			<gx:fid>0x9bde559108a05b:0x50dc426c672fd24e</gx:fid>
			<LookAt>
				<longitude>-43.44598205</longitude>
				<latitude>-22.91413075</latitude>
				<altitude>0</altitude>
				<heading>0</heading>
				<tilt>0</tilt>
				<gx:fovy>35</gx:fovy>
				<range>114256.1775278266</range>
				<altitudeMode>relativeToGround</altitudeMode>
			</LookAt>
			<styleUrl>#__managed_style_0913F9CC9F3F7675F34C</styleUrl>
			<Point>
				<altitudeMode>relativeToGround</altitudeMode>
				<coordinates>-43.1728965,-22.9068467,0</coordinates>
			</Point>
		</Placemark>
		<Placemark id="0060595A063D01C8A23A">
			<name>Faulkland - Stanley</name>
			<LookAt>
				<longitude>-57.84460010000001</longitude>
				<latitude>-51.69656845</latitude>
				<altitude>0</altitude>
				<heading>0</heading>
				<tilt>0</tilt>
				<gx:fovy>35</gx:fovy>
				<range>19221.51979175555</range>
				<altitudeMode>relativeToGround</altitudeMode>
			</LookAt>
			<styleUrl>#__managed_style_04C46C84663F7675F350</styleUrl>
			<Point>
				<altitudeMode>relativeToGround</altitudeMode>
				<coordinates>-57.86196,-51.69275169999999,0</coordinates>
			</Point>
		</Placemark>
		<Placemark id="0DD8B1A90D3D01DCFD5A">
			<gx:mid>/g/1pxyctxrg</gx:mid>
			<gx:fid>0x7ab196f94e5408b:0xe5800ef782bde3a6</gx:fid>
			<LookAt>
				<longitude>-34.93421704999999</longitude>
				<latitude>-8.043311199999998</latitude>
				<altitude>0</altitude>
				<heading>0</heading>
				<tilt>0</tilt>
				<gx:fovy>35</gx:fovy>
				<range>61412.16620810801</range>
				<altitudeMode>relativeToGround</altitudeMode>
			</LookAt>
			<styleUrl>#__managed_style_0913F9CC9F3F7675F34C</styleUrl>
			<Point>
				<altitudeMode>relativeToGround</altitudeMode>
				<coordinates>-34.8828969,-8.0578381,0</coordinates>
			</Point>
		</Placemark>
		<Placemark id="086B433E7C3D01CEDDA0">
			<gx:mid>/g/1ymsvkdl1</gx:mid>
			<gx:fid>0x716112050422ebd:0xf71c84369573db9d</gx:fid>
			<LookAt>
				<longitude>-38.420191</longitude>
				<latitude>-12.901765</latitude>
				<altitude>0</altitude>
				<heading>0</heading>
				<tilt>0</tilt>
				<gx:fovy>35</gx:fovy>
				<range>60456.51007717814</range>
				<altitudeMode>relativeToGround</altitudeMode>
			</LookAt>
			<styleUrl>#__managed_style_0913F9CC9F3F7675F34C</styleUrl>
			<Point>
				<altitudeMode>relativeToGround</altitudeMode>
				<coordinates>-38.5016363,-12.9777378,0</coordinates>
			</Point>
		</Placemark>
		<Placemark id="02060BD62E3D01C9E449">
			<gx:mid>/m/04zy4h</gx:mid>
			<gx:fid>0x9575059ec8c40bbd:0x9bdd0183c2d3cf93</gx:fid>
			<LookAt>
				<longitude>-54.9108216</longitude>
				<latitude>-34.94270725</latitude>
				<altitude>0</altitude>
				<heading>0</heading>
				<tilt>0</tilt>
				<gx:fovy>35</gx:fovy>
				<range>25420.62282415951</range>
				<altitudeMode>relativeToGround</altitudeMode>
			</LookAt>
			<styleUrl>#__managed_style_0913F9CC9F3F7675F34C</styleUrl>
			<Point>
				<altitudeMode>relativeToGround</altitudeMode>
				<coordinates>-54.9378104,-34.9360588,0</coordinates>
			</Point>
		</Placemark>
	</Folder>
	<Placemark id="092AAFA1F93CDDBCAB80">
		<name>Antarctica Crossing</name>
		<LookAt>
			<longitude>-68.20514183426408</longitude>
			<latitude>-58.63088852950727</latitude>
			<altitude>-2749.284528373437</altitude>
			<heading>3.697199763903973</heading>
			<tilt>0</tilt>
			<gx:fovy>35</gx:fovy>
			<range>5918543.862286806</range>
			<altitudeMode>absolute</altitudeMode>
		</LookAt>
		<styleUrl>#__managed_style_19CE28BBF93F7675F353</styleUrl>
		<LineString>
			<coordinates>
				-67.58864771745166,-54.92550224434187,0 -67.29747814896562,-54.90503715862901,0 -66.95862050632061,-54.97074346202074,0 -66.37650827488413,-55.15093913314936,0 -60.66384692276669,-62.92674498108828,0 -61.87446517035634,-64.44590007893726,0 -63.50167572101762,-64.81615892667334,0 -64.30623670679658,-64.78419419792891,0 -67.20530648395358,-55.96116077239469,0 -67.79807632926064,-55.56170677500054,0 -68.38284689520133,-54.94022876884069,0 -68.30807308323674,-54.78554761772955,0 
			</coordinates>
		</LineString>
	</Placemark>
	<Folder id="047795A3953CE4DB2934">
		<name>Antarctica Destinations</name>
		<visibility>0</visibility>
		<styleUrl>#__managed_style_11AEFE53943F7675F34E</styleUrl>
		<Placemark id="0BEFC4F11E3CDE8B28C7">
			<gx:mid>/g/11vbjsd3hm</gx:mid>
			<gx:fid>0xbc7f452b0551a62f:0xe29d770065c4d21d</gx:fid>
			<LookAt>
				<longitude>-63.4942149</longitude>
				<latitude>-64.8250812</latitude>
				<altitude>0</altitude>
				<heading>0</heading>
				<tilt>0</tilt>
				<gx:fovy>35</gx:fovy>
				<range>5302.566958351562</range>
				<altitudeMode>relativeToGround</altitudeMode>
			</LookAt>
			<styleUrl>#__managed_style_0913F9CC9F3F7675F34C</styleUrl>
			<Point>
				<altitudeMode>relativeToGround</altitudeMode>
				<coordinates>-63.4942149,-64.82508159999999,0</coordinates>
			</Point>
		</Placemark>
		<Placemark id="0DA9B3F2AE3CDE875E65">
			<gx:mid>/m/05n184</gx:mid>
			<gx:fid>0xbc76747b296409ff:0xa56d51b99e581f09</gx:fid>
			<LookAt>
				<longitude>-57.89946739999999</longitude>
				<latitude>-63.3215475</latitude>
				<altitude>0</altitude>
				<heading>0</heading>
				<tilt>0</tilt>
				<gx:fovy>35</gx:fovy>
				<range>1049.831681037273</range>
				<altitudeMode>relativeToGround</altitudeMode>
			</LookAt>
			<styleUrl>#__managed_style_0913F9CC9F3F7675F34C</styleUrl>
			<Point>
				<altitudeMode>relativeToGround</altitudeMode>
				<coordinates>-57.90005919999999,-63.3209373,0</coordinates>
			</Point>
		</Placemark>
		<Placemark id="00FAE43FCC3CDE8BF3FD">
			<gx:mid>/m/01930_</gx:mid>
			<gx:fid>0xbc77305ea493cecb:0x31c3841136415bef</gx:fid>
			<LookAt>
				<longitude>-60.62434025</longitude>
				<latitude>-62.95597530000001</latitude>
				<altitude>0</altitude>
				<heading>0</heading>
				<tilt>0</tilt>
				<gx:fovy>35</gx:fovy>
				<range>93632.51327784509</range>
				<altitudeMode>relativeToGround</altitudeMode>
			</LookAt>
			<styleUrl>#__managed_style_0913F9CC9F3F7675F34C</styleUrl>
			<Point>
				<altitudeMode>relativeToGround</altitudeMode>
				<coordinates>-60.5553751,-62.9409297,0</coordinates>
			</Point>
		</Placemark>
		<Placemark id="0DD1DDB34B3D377B4AB2">
			<gx:mid>/m/03t67w</gx:mid>
			<gx:fid>0xbc4eac7455034be7:0x4dd166d175603de7</gx:fid>
			<LookAt>
				<longitude>-67.60888849999999</longitude>
				<latitude>-54.93623045</latitude>
				<altitude>0</altitude>
				<heading>0</heading>
				<tilt>0</tilt>
				<gx:fovy>35</gx:fovy>
				<range>2805.667708820497</range>
				<altitudeMode>relativeToGround</altitudeMode>
			</LookAt>
			<styleUrl>#__managed_style_0913F9CC9F3F7675F34C</styleUrl>
			<Point>
				<altitudeMode>relativeToGround</altitudeMode>
				<coordinates>-67.6058537,-54.93520979999999,0</coordinates>
			</Point>
		</Placemark>
		<Placemark id="0A1FBAFDFB3D377CA7CA">
			<gx:mid>/g/121sr9fq</gx:mid>
			<gx:fid>0xbc4f6a398c36381d:0x3605fa061b7bec05</gx:fid>
			<LookAt>
				<longitude>-67.2255579</longitude>
				<latitude>-55.96525459999999</latitude>
				<altitude>0</altitude>
				<heading>0</heading>
				<tilt>0</tilt>
				<gx:fovy>35</gx:fovy>
				<range>560.1279566195918</range>
				<altitudeMode>relativeToGround</altitudeMode>
			</LookAt>
			<styleUrl>#__managed_style_0913F9CC9F3F7675F34C</styleUrl>
			<Point>
				<altitudeMode>relativeToGround</altitudeMode>
				<coordinates>-67.2255579,-55.96525459999999,0</coordinates>
			</Point>
		</Placemark>
	</Folder>
	<Placemark id="05319D12873CDDCB415C">
		<name>South America (SW) Course</name>
		<LookAt>
			<longitude>-71.82243973653232</longitude>
			<latitude>-31.59394020023986</latitude>
			<altitude>-5468.778121216475</altitude>
			<heading>3.699240643855616</heading>
			<tilt>0</tilt>
			<gx:fovy>35</gx:fovy>
			<range>11341825.44684649</range>
			<altitudeMode>absolute</altitudeMode>
		</LookAt>
		<styleUrl>#__managed_style_00A28988A63F7675F34F</styleUrl>
		<LineString>
			<coordinates>
				-68.71851281819058,-54.99790215813809,0 -69.17285561777456,-54.40217100051191,0 -70.16528930591981,-54.12646863756805,0 -70.57443030543283,-53.48239473764879,0 -71.20959822015078,-53.9727034912306,0 -74.17593308598389,-52.79169623369899,0 -74.39261437641028,-49.14427695608347,0 -74.77443044597075,-47.58253389263862,0 -73.78060630208532,-46.4757213223434,0 -72.90766911784323,-42.0396342021447,0 -74.09565898424509,-41.53044206910134,0 -73.91463878864531,-40.14530418809005,0 -73.25958351176155,-39.62485442677936,0 -74.14708215254586,-37.67770924586133,0 -71.49060220043224,-33.21845626286711,0 -71.4657233873973,-18.38991846307847,0 -75.53958342727326,-16.21926145285403,0 -77.03032015985643,-11.86713733128874,0 -81.71545889181608,-5.743423190540505,0 -80.9447392651531,-2.248283039998391,0 
			</coordinates>
		</LineString>
	</Placemark>
	<Folder id="011F460E433CE4EA4475">
		<name>South America (SW) Destinations</name>
		<styleUrl>#__managed_style_11AEFE53943F7675F34E</styleUrl>
		<Placemark id="05E08FD0623D03574FF4">
			<gx:mid>/m/0lpfh</gx:mid>
			<gx:fid>0x9105c5f619ee3ec7:0x14206cb9cc452e4a</gx:fid>
			<LookAt>
				<longitude>-76.98777914999999</longitude>
				<latitude>-12.0266383</latitude>
				<altitude>0</altitude>
				<heading>0</heading>
				<tilt>0</tilt>
				<gx:fovy>35</gx:fovy>
				<range>90947.04356749477</range>
				<altitudeMode>relativeToGround</altitudeMode>
			</LookAt>
			<styleUrl>#__managed_style_0913F9CC9F3F7675F34C</styleUrl>
			<Point>
				<altitudeMode>relativeToGround</altitudeMode>
				<coordinates>-77.04308859999999,-12.0466888,0</coordinates>
			</Point>
		</Placemark>
		<Placemark id="0C07FDEF173D03570F3E">
			<gx:mid>/m/0dlqv</gx:mid>
			<gx:fid>0x9662c5410425af2f:0x8475d53c400f0931</gx:fid>
			<LookAt>
				<longitude>-70.62983129999999</longitude>
				<latitude>-33.47278795</latitude>
				<altitude>0</altitude>
				<heading>0</heading>
				<tilt>0</tilt>
				<gx:fovy>35</gx:fovy>
				<range>77565.7867355638</range>
				<altitudeMode>relativeToGround</altitudeMode>
			</LookAt>
			<styleUrl>#__managed_style_0913F9CC9F3F7675F34C</styleUrl>
			<Point>
				<altitudeMode>relativeToGround</altitudeMode>
				<coordinates>-70.66926549999999,-33.4488897,0</coordinates>
			</Point>
		</Placemark>
		<Placemark id="034904D95C3D53FCD6A6">
			<gx:mid>/m/02pzwbz</gx:mid>
			<gx:fid>0xbda29099f1c2a1f3:0x15bd8e8a4b85b95c</gx:fid>
			<LookAt>
				<longitude>-74.41069165</longitude>
				<latitude>-49.12625464999999</latitude>
				<altitude>0</altitude>
				<heading>0</heading>
				<tilt>0</tilt>
				<gx:fovy>35</gx:fovy>
				<range>1433.979753942096</range>
				<altitudeMode>relativeToGround</altitudeMode>
			</LookAt>
			<styleUrl>#__managed_style_0913F9CC9F3F7675F34C</styleUrl>
			<Point>
				<altitudeMode>relativeToGround</altitudeMode>
				<coordinates>-74.4098484,-49.1262469,0</coordinates>
			</Point>
		</Placemark>
		<Placemark id="0DCA5BC2823D53FFCE2C">
			<gx:mid>/m/025s_c7</gx:mid>
			<gx:fid>0x9615ee891aab33e5:0x35c9b4ab79b2d79b</gx:fid>
			<LookAt>
				<longitude>-73.2264986</longitude>
				<latitude>-39.82327095</latitude>
				<altitude>0</altitude>
				<heading>0</heading>
				<tilt>0</tilt>
				<gx:fovy>35</gx:fovy>
				<range>17854.25213770612</range>
				<altitudeMode>relativeToGround</altitudeMode>
			</LookAt>
			<styleUrl>#__managed_style_0913F9CC9F3F7675F34C</styleUrl>
			<Point>
				<altitudeMode>relativeToGround</altitudeMode>
				<coordinates>-73.2426102,-39.817419,0</coordinates>
			</Point>
		</Placemark>
		<Placemark id="0BBAA06D773D6DB818F5">
			<gx:mid>/g/11g_7szld</gx:mid>
			<gx:fid>0x902e0eeac2794fb5:0xb88e0ba2fc24a366</gx:fid>
			<LookAt>
				<longitude>-80.92302029999999</longitude>
				<latitude>-2.216651</latitude>
				<altitude>0</altitude>
				<heading>0</heading>
				<tilt>0</tilt>
				<gx:fovy>35</gx:fovy>
				<range>1055.657031075245</range>
				<altitudeMode>relativeToGround</altitudeMode>
			</LookAt>
			<styleUrl>#__managed_style_0913F9CC9F3F7675F34C</styleUrl>
			<Point>
				<altitudeMode>relativeToGround</altitudeMode>
				<coordinates>-80.92302029999999,-2.216651,0</coordinates>
			</Point>
		</Placemark>
		<Placemark id="0207E3329B3DFE35D34A">
			<gx:mid>/m/01r2dw</gx:mid>
			<gx:fid>0x9105cdcc6bbfffa3:0x4aed9b274e053057</gx:fid>
			<LookAt>
				<longitude>-77.11788999999999</longitude>
				<latitude>-12.00394575</latitude>
				<altitude>0</altitude>
				<heading>0</heading>
				<tilt>0</tilt>
				<gx:fovy>35</gx:fovy>
				<range>69255.16585864258</range>
				<altitudeMode>relativeToGround</altitudeMode>
			</LookAt>
			<styleUrl>#__managed_style_0913F9CC9F3F7675F34C</styleUrl>
			<Point>
				<altitudeMode>relativeToGround</altitudeMode>
				<coordinates>-77.12568829999999,-12.0511717,0</coordinates>
			</Point>
		</Placemark>
	</Folder>
	<Placemark id="0B7CBDBDF23CDDC10343">
		<name>South Pacific Crossing</name>
		<LookAt>
			<longitude>-134.296854021529</longitude>
			<latitude>-33.24855319124332</latitude>
			<altitude>153.7007538538213</altitude>
			<heading>355.7087711362765</heading>
			<tilt>0</tilt>
			<gx:fovy>34.99999994926134</gx:fovy>
			<range>12314199.86380577</range>
			<altitudeMode>absolute</altitudeMode>
		</LookAt>
		<styleUrl>#__managed_style_03A0FE668F3F7675F351</styleUrl>
		<LineString>
			<coordinates>
				-81.14792585135889,-2.090094196890671,0 -109.4983503593064,-26.28317546474706,0 -128.6832680042186,-23.50770397259779,0 -135.1321395400916,-22.72544768165427,0 -139.1992062428572,-9.426089079860377,0 -149.3941930389346,-17.66252443749373,0 -151.6948916519998,-16.30789843579148,0 -159.5044483519707,-20.3562773012019,0 -159.5729578934075,-18.03832050182974,0 -172.1330382683112,-13.65811227858387,0 -175.0221411556107,-21.43861873147972,0 178.6003219838682,-17.13850611605516,0 166.9054679977794,-14.9262503925914,0 174.7527771248278,-36.1962676681979,0 
			</coordinates>
		</LineString>
	</Placemark>
	<Folder id="01858AB11B3CE4DE83CF">
		<name>South Pacific Destinations</name>
		<styleUrl>#__managed_style_11AEFE53943F7675F34E</styleUrl>
		<Placemark id="0F300050073CDDBDA389">
			<gx:mid>/m/0d_zz</gx:mid>
			<gx:fid>0x9947f017a8d4ae2b:0xbbe5b3edc02a2db6</gx:fid>
			<LookAt>
				<longitude>-109.3388147</longitude>
				<latitude>-27.12597995</latitude>
				<altitude>0</altitude>
				<heading>0</heading>
				<tilt>0</tilt>
				<gx:fovy>35</gx:fovy>
				<range>41379.97011490852</range>
				<altitudeMode>relativeToGround</altitudeMode>
			</LookAt>
			<styleUrl>#__managed_style_0913F9CC9F3F7675F34C</styleUrl>
			<Point>
				<altitudeMode>relativeToGround</altitudeMode>
				<coordinates>-109.3496865,-27.112723,0</coordinates>
			</Point>
		</Placemark>
		<Placemark id="0DD593DC743CDDBE6FB6">
			<gx:mid>/m/02wt0</gx:mid>
			<gx:fid>0x6e1990fd703cdc5d:0x9e9c319946ef5b93</gx:fid>
			<LookAt>
				<longitude>179.46166995</longitude>
				<latitude>-16.63842385</latitude>
				<altitude>0</altitude>
				<heading>0</heading>
				<tilt>0</tilt>
				<gx:fovy>35</gx:fovy>
				<range>2851030.905755672</range>
				<altitudeMode>relativeToGround</altitudeMode>
			</LookAt>
			<styleUrl>#__managed_style_0913F9CC9F3F7675F34C</styleUrl>
			<Point>
				<altitudeMode>relativeToGround</altitudeMode>
				<coordinates>178.065032,-17.713371,0</coordinates>
			</Point>
		</Placemark>
		<Placemark id="0B6774CC203CDDC03EF7">
			<gx:mid>/m/06s9y</gx:mid>
			<gx:fid>0x71a513a364ec1003:0xa6870c9674617872</gx:fid>
			<LookAt>
				<longitude>-172.1029365</longitude>
				<latitude>-13.75182305</latitude>
				<altitude>0</altitude>
				<heading>0</heading>
				<tilt>0</tilt>
				<gx:fovy>35</gx:fovy>
				<range>361290.0223453477</range>
				<altitudeMode>relativeToGround</altitudeMode>
			</LookAt>
			<styleUrl>#__managed_style_0913F9CC9F3F7675F34C</styleUrl>
			<Point>
				<altitudeMode>relativeToGround</altitudeMode>
				<coordinates>-172.104629,-13.759029,0</coordinates>
			</Point>
		</Placemark>
		<Placemark id="0A4F4F64123CDDBF4D6B">
			<gx:mid>/m/05vd5</gx:mid>
			<gx:fid>0x9e380f7fdca8078b:0x469c8cc719159ac8</gx:fid>
			<LookAt>
				<longitude>-127.7339172</longitude>
				<latitude>-24.4852434</latitude>
				<altitude>0</altitude>
				<heading>0</heading>
				<tilt>0</tilt>
				<gx:fovy>35</gx:fovy>
				<range>1354007.305428073</range>
				<altitudeMode>relativeToGround</altitudeMode>
			</LookAt>
			<styleUrl>#__managed_style_0913F9CC9F3F7675F34C</styleUrl>
			<Point>
				<altitudeMode>relativeToGround</altitudeMode>
				<coordinates>-128.3242376,-24.37675369999999,0</coordinates>
			</Point>
		</Placemark>
		<Placemark id="08E1451E203CE5303C14">
			<gx:mid>/m/048p2m</gx:mid>
			<gx:fid>0x7157d18814e36e61:0x8beaacb0911ae26f</gx:fid>
			<LookAt>
				<longitude>-159.78031215</longitude>
				<latitude>-21.21841939999999</latitude>
				<altitude>0</altitude>
				<heading>0</heading>
				<tilt>0</tilt>
				<gx:fovy>35</gx:fovy>
				<range>10835.52015294348</range>
				<altitudeMode>relativeToGround</altitudeMode>
			</LookAt>
			<styleUrl>#__managed_style_0913F9CC9F3F7675F34C</styleUrl>
			<Point>
				<altitudeMode>relativeToGround</altitudeMode>
				<coordinates>-159.7850102,-21.2056839,0</coordinates>
			</Point>
		</Placemark>
		<Placemark id="0831F9066D3CE5326667">
			<gx:mid>/m/0drv4</gx:mid>
			<gx:fid>0x7150497718b8df9f:0x5c3539fb8a80444e</gx:fid>
			<LookAt>
				<longitude>-159.7789228</longitude>
				<latitude>-18.85858525</latitude>
				<altitude>0</altitude>
				<heading>0</heading>
				<tilt>0</tilt>
				<gx:fovy>35</gx:fovy>
				<range>21999.09631588421</range>
				<altitudeMode>relativeToGround</altitudeMode>
			</LookAt>
			<styleUrl>#__managed_style_0913F9CC9F3F7675F34C</styleUrl>
			<Point>
				<altitudeMode>relativeToGround</altitudeMode>
				<coordinates>-159.7852843,-18.8579523,0</coordinates>
			</Point>
		</Placemark>
		<Placemark id="0021B8F7033CE52B51A9">
			<gx:mid>/g/121pvydw</gx:mid>
			<gx:fid>0x76bdbc53dc9fa52b:0x9bef76bb168bc559</gx:fid>
			<LookAt>
				<longitude>-151.76522325</longitude>
				<latitude>-16.39208605</latitude>
				<altitude>0</altitude>
				<heading>0</heading>
				<tilt>0</tilt>
				<gx:fovy>35</gx:fovy>
				<range>89208.36522570811</range>
				<altitudeMode>relativeToGround</altitudeMode>
			</LookAt>
			<styleUrl>#__managed_style_0913F9CC9F3F7675F34C</styleUrl>
			<Point>
				<altitudeMode>relativeToGround</altitudeMode>
				<coordinates>-151.7317012096963,-16.3813622277585,0</coordinates>
			</Point>
		</Placemark>
		<Folder id="0B62912F3E3D036A2216">
			<name>Oceania</name>
			<open>1</open>
			<styleUrl>#__managed_style_11AEFE53943F7675F34E</styleUrl>
		</Folder>
		<Placemark id="09FC1F7EC73DB6A4EC08">
			<gx:mid>/m/0136w1</gx:mid>
			<gx:fid>0x7635e66a3a79a46d:0x16a7af39097eb98e</gx:fid>
			<LookAt>
				<longitude>-139.6572264</longitude>
				<latitude>-9.183636999999999</latitude>
				<altitude>0</altitude>
				<heading>0</heading>
				<tilt>0</tilt>
				<gx:fovy>35</gx:fovy>
				<range>734368.9797398712</range>
				<altitudeMode>relativeToGround</altitudeMode>
			</LookAt>
			<styleUrl>#__managed_style_0913F9CC9F3F7675F34C</styleUrl>
			<Point>
				<altitudeMode>relativeToGround</altitudeMode>
				<coordinates>-139.0817124,-9.781216199999999,0</coordinates>
			</Point>
		</Placemark>
		<Placemark id="02B0F9ED6E3DB6B740B6">
			<gx:mid>/m/07z5n</gx:mid>
			<gx:fid>0x6e89605ec8926013:0x348339cfbed0266a</gx:fid>
			<LookAt>
				<longitude>168.2803344</longitude>
				<latitude>-16.6707611</latitude>
				<altitude>0</altitude>
				<heading>0</heading>
				<tilt>0</tilt>
				<gx:fovy>35</gx:fovy>
				<range>1425274.791825071</range>
				<altitudeMode>relativeToGround</altitudeMode>
			</LookAt>
			<styleUrl>#__managed_style_0913F9CC9F3F7675F34C</styleUrl>
			<Point>
				<altitudeMode>relativeToGround</altitudeMode>
				<coordinates>166.959158,-15.376706,0</coordinates>
			</Point>
		</Placemark>
		<Placemark id="03964847F63DFDE96F08">
			<gx:mid>/m/0hb6g</gx:mid>
			<gx:fid>0x769bb353982d1e65:0x413cf43a8988a3fa</gx:fid>
			<LookAt>
				<longitude>-149.37280445</longitude>
				<latitude>-17.68726965</latitude>
				<altitude>0</altitude>
				<heading>0</heading>
				<tilt>0</tilt>
				<gx:fovy>35</gx:fovy>
				<range>88592.4166452646</range>
				<altitudeMode>relativeToGround</altitudeMode>
			</LookAt>
			<styleUrl>#__managed_style_0913F9CC9F3F7675F34C</styleUrl>
			<Point>
				<altitudeMode>relativeToGround</altitudeMode>
				<coordinates>-149.4260421,-17.6509195,0</coordinates>
			</Point>
		</Placemark>
		<Placemark id="00222D04863DFE269372">
			<gx:mid>/m/0565q7</gx:mid>
			<gx:fid>0x9e27886544b91091:0x1f777e1992a84af6</gx:fid>
			<LookAt>
				<longitude>-134.9713583</longitude>
				<latitude>-23.1045542</latitude>
				<altitude>0</altitude>
				<heading>0</heading>
				<tilt>0</tilt>
				<gx:fovy>35</gx:fovy>
				<range>32562.14245097197</range>
				<altitudeMode>relativeToGround</altitudeMode>
			</LookAt>
			<styleUrl>#__managed_style_0913F9CC9F3F7675F34C</styleUrl>
			<Point>
				<altitudeMode>relativeToGround</altitudeMode>
				<coordinates>-134.9743477,-23.1096583,0</coordinates>
			</Point>
		</Placemark>
		<Placemark id="0ECC295D413DFE329E31">
			<gx:mid>/g/1hm3rzl99</gx:mid>
			<gx:fid>0x902e0eea5a3bb357:0x9abc6db1af22a82a</gx:fid>
			<LookAt>
				<longitude>-80.92275389999999</longitude>
				<latitude>-2.218058099999999</latitude>
				<altitude>0</altitude>
				<heading>0</heading>
				<tilt>0</tilt>
				<gx:fovy>35</gx:fovy>
				<range>1708.304745680234</range>
				<altitudeMode>relativeToGround</altitudeMode>
			</LookAt>
			<styleUrl>#__managed_style_0913F9CC9F3F7675F34C</styleUrl>
			<Point>
				<altitudeMode>relativeToGround</altitudeMode>
				<coordinates>-80.9227566,-2.218103,0</coordinates>
			</Point>
		</Placemark>
		<Placemark id="00AD01617C3DFE45A578">
			<gx:mid>/m/03978p</gx:mid>
			<gx:fid>0x767a0e6be3c6caeb:0x5e80dc62a56d675e</gx:fid>
			<LookAt>
				<longitude>-142.5115575</longitude>
				<latitude>-16.8555891</latitude>
				<altitude>0</altitude>
				<heading>0</heading>
				<tilt>0</tilt>
				<gx:fovy>35</gx:fovy>
				<range>4336741.915619147</range>
				<altitudeMode>relativeToGround</altitudeMode>
			</LookAt>
			<styleUrl>#__managed_style_0913F9CC9F3F7675F34C</styleUrl>
			<Point>
				<altitudeMode>relativeToGround</altitudeMode>
				<coordinates>-142.5115575,-16.8555891,0</coordinates>
			</Point>
		</Placemark>
	</Folder>
	<Placemark id="0F638772433CDDD1032A">
		<name>Oceanic Course</name>
		<LookAt>
			<longitude>143.206315288666</longitude>
			<latitude>-34.2063651660093</latitude>
			<altitude>12944.81723426296</altitude>
			<heading>359.9999186033265</heading>
			<tilt>0</tilt>
			<gx:fovy>34.9999999492188</gx:fovy>
			<range>11094570.25235295</range>
			<altitudeMode>absolute</altitudeMode>
		</LookAt>
		<styleUrl>#__managed_style_0A9AA24C683F7675F356</styleUrl>
		<LineString>
			<coordinates>
				174.7317518874951,-36.60603084359944,0 168.160949068544,-46.09532091935526,0 151.4734394203266,-33.42058004766885,0 150.5040130462602,-38.15741754807583,0 146.3120827352544,-40.15632502406336,0 144.924491007877,-37.80732165692666,0 144.019104206607,-39.38077293951492,0 139.3516636157658,-38.4879902831139,0 129.7531785285272,-33.79594205306582,0 117.3218945389489,-36.49524342783315,0 113.8706075577432,-35.34957926823427,0 115.7494073898021,-31.5770639716873,0 110.6266834156609,-22.83453419602459,0 125.8661148491298,-12.75600722248138,0 132.5778128290564,-10.88602183742801,0 
			</coordinates>
		</LineString>
	</Placemark>
	<Folder id="05A9968E633CE4DFF5DA">
		<name>Oceania Destinations</name>
		<styleUrl>#__managed_style_11AEFE53943F7675F34E</styleUrl>
		<Placemark id="07860CC13A3CDDBEA9C9">
			<gx:mid>/m/06y57</gx:mid>
			<gx:fid>0x6b129838f39a743f:0x3017d681632a850</gx:fid>
			<LookAt>
				<longitude>150.93197475</longitude>
				<latitude>-33.84824395</latitude>
				<altitude>0</altitude>
				<heading>0</heading>
				<tilt>0</tilt>
				<gx:fovy>35</gx:fovy>
				<range>154456.0896824503</range>
				<altitudeMode>relativeToGround</altitudeMode>
			</LookAt>
			<styleUrl>#__managed_style_0913F9CC9F3F7675F34C</styleUrl>
			<Point>
				<altitudeMode>relativeToGround</altitudeMode>
				<coordinates>151.2057136,-33.8727409,0</coordinates>
			</Point>
		</Placemark>
		<Placemark id="001C498A153CE5364F48">
			<gx:mid>/m/062qg</gx:mid>
			<gx:fid>0x2a32966cdb47733d:0x304f0b535df55d0</gx:fid>
			<LookAt>
				<longitude>115.96153565</longitude>
				<latitude>-32.04006395</latitude>
				<altitude>0</altitude>
				<heading>0</heading>
				<tilt>0</tilt>
				<gx:fovy>35</gx:fovy>
				<range>157647.7333334291</range>
				<altitudeMode>relativeToGround</altitudeMode>
			</LookAt>
			<styleUrl>#__managed_style_0913F9CC9F3F7675F34C</styleUrl>
			<Point>
				<altitudeMode>relativeToGround</altitudeMode>
				<coordinates>115.8616783,-31.9513993,0</coordinates>
			</Point>
		</Placemark>
		<Placemark id="0A6D3E21E43CE533DC2D">
			<gx:mid>/m/012ts</gx:mid>
			<gx:fid>0x6d0d47fb5a9ce6fb:0x500ef6143a29917</gx:fid>
			<LookAt>
				<longitude>174.7265725</longitude>
				<latitude>-36.8328344</latitude>
				<altitude>0</altitude>
				<heading>0</heading>
				<tilt>0</tilt>
				<gx:fovy>35</gx:fovy>
				<range>148853.0373785229</range>
				<altitudeMode>relativeToGround</altitudeMode>
			</LookAt>
			<styleUrl>#__managed_style_0913F9CC9F3F7675F34C</styleUrl>
			<Point>
				<altitudeMode>relativeToGround</altitudeMode>
				<coordinates>174.7644881,-36.8508827,0</coordinates>
			</Point>
		</Placemark>
		<Placemark id="07980DC1C03CE5362AAC">
			<gx:mid>/m/0chgzm</gx:mid>
			<gx:fid>0x6ad646b5d2ba4df7:0x4045675218ccd90</gx:fid>
			<LookAt>
				<longitude>145.0531353</longitude>
				<latitude>-37.9725665</latitude>
				<altitude>0</altitude>
				<heading>0</heading>
				<tilt>0</tilt>
				<gx:fovy>35</gx:fovy>
				<range>293211.9572711003</range>
				<altitudeMode>relativeToGround</altitudeMode>
			</LookAt>
			<styleUrl>#__managed_style_0913F9CC9F3F7675F34C</styleUrl>
			<Point>
				<altitudeMode>relativeToGround</altitudeMode>
				<coordinates>144.9630576,-37.8136276,0</coordinates>
			</Point>
		</Placemark>
		<Placemark id="03B2C7128A3DB6B5C738">
			<gx:mid>/m/02p3x_</gx:mid>
			<gx:fid>0x69b069c14e004a8d:0x2742d14f7a57471b</gx:fid>
			<LookAt>
				<longitude>142.43156025</longitude>
				<latitude>-10.02025055</latitude>
				<altitude>0</altitude>
				<heading>0</heading>
				<tilt>0</tilt>
				<gx:fovy>35</gx:fovy>
				<range>732557.1502835066</range>
				<altitudeMode>relativeToGround</altitudeMode>
			</LookAt>
			<styleUrl>#__managed_style_0913F9CC9F3F7675F34C</styleUrl>
			<Point>
				<altitudeMode>relativeToGround</altitudeMode>
				<coordinates>142.5552179,-9.981556699999999,0</coordinates>
			</Point>
		</Placemark>
	</Folder>
	<Placemark id="0AF53C033F3CDDCD5A72">
		<name>Asia Course</name>
		<LookAt>
			<longitude>118.6837015209148</longitude>
			<latitude>16.5779231816379</latitude>
			<altitude>-3605.925676094</altitude>
			<heading>359.192338401689</heading>
			<tilt>0</tilt>
			<gx:fovy>34.99999994921607</gx:fovy>
			<range>13026811.15126133</range>
			<altitudeMode>absolute</altitudeMode>
		</LookAt>
		<styleUrl>#__managed_style_3FA05D873B3F7675F354</styleUrl>
		<LineString>
			<coordinates>
				79.75173695753472,7.034811695955026,0 79.41295506162602,9.678029211479192,0 80.20702598097211,10.16628751502011,0 81.79365175145836,14.92626471090574,0 90.28794775266155,20.79850306392792,0 98.17572799562922,8.148629551343236,0 100.6469555340155,3.325389710129241,0 104.3481802850464,0.5296572780811701,0 103.577424190722,5.921468205226684,0 100.4914041346057,13.55274366596908,0 105.2386618844602,8.167658788798349,0 110.6535717349877,13.16503952221195,0 109.773892697781,17.05017729498874,0 115.2340381811731,22.19957196882809,0 120.4708303728848,24.19912619383832,0 127.1929629365424,34.5525346515705,0 135.5934269506153,36.7961450635669,0 141.4446533862568,45.04976834201979,0 147.0224195563453,43.03805869893326,0 140.4546797528175,35.32285069860714,0 133.3887629923794,30.98309965819079,0 124.594211359363,14.88568180374967,0 131.6078306946406,-3.93203701939712,0 132.8800630708313,-10.96103948772021,0 
			</coordinates>
		</LineString>
	</Placemark>
	<Folder id="0816E786F83CE4DD4E5D">
		<name>Asia Destinations</name>
		<visibility>0</visibility>
		<styleUrl>#__managed_style_11AEFE53943F7675F34E</styleUrl>
		<Placemark id="0204F357203CDDCDC67C">
			<gx:fid>0x357ca28b61c565cd:0x858aedb4e4ea83eb</gx:fid>
			<LookAt>
				<longitude>126.9741393</longitude>
				<latitude>37.56487609999999</latitude>
				<altitude>0</altitude>
				<heading>0</heading>
				<tilt>0</tilt>
				<gx:fovy>35</gx:fovy>
				<range>73708.23919353371</range>
				<altitudeMode>relativeToGround</altitudeMode>
			</LookAt>
			<styleUrl>#__managed_style_0913F9CC9F3F7675F34C</styleUrl>
			<Point>
				<altitudeMode>relativeToGround</altitudeMode>
				<coordinates>126.9773517,37.5652129,0</coordinates>
			</Point>
		</Placemark>
		<Placemark id="076F3340373CDDCE11C0">
			<gx:mid>/m/0lbmv</gx:mid>
			<gx:fid>0x3403f408d0e15291:0xfdee550db79280c9</gx:fid>
			<LookAt>
				<longitude>114.0538788</longitude>
				<latitude>22.5551603</latitude>
				<altitude>0</altitude>
				<heading>0</heading>
				<tilt>0</tilt>
				<gx:fovy>35</gx:fovy>
				<range>85875.46139180746</range>
				<altitudeMode>relativeToGround</altitudeMode>
			</LookAt>
			<styleUrl>#__managed_style_0913F9CC9F3F7675F34C</styleUrl>
			<Point>
				<altitudeMode>relativeToGround</altitudeMode>
				<coordinates>114.05956,22.5428599,0</coordinates>
			</Point>
		</Placemark>
		<Placemark id="081EC6A0FF3CDDCE7E81">
			<gx:mid>/m/0fn2g</gx:mid>
			<gx:fid>0x311d6032280d61f3:0x10100b25de24820</gx:fid>
			<LookAt>
				<longitude>100.6331108</longitude>
				<latitude>13.72459955</latitude>
				<altitude>0</altitude>
				<heading>0</heading>
				<tilt>0</tilt>
				<gx:fovy>35</gx:fovy>
				<range>90332.99826937373</range>
				<altitudeMode>relativeToGround</altitudeMode>
			</LookAt>
			<styleUrl>#__managed_style_0913F9CC9F3F7675F34C</styleUrl>
			<Point>
				<altitudeMode>relativeToGround</altitudeMode>
				<coordinates>100.5017651,13.7563309,0</coordinates>
			</Point>
		</Placemark>
		<Placemark id="0314517FD13CDDCEC58A">
			<gx:mid>/m/01jb7g</gx:mid>
			<gx:fid>0x305031e2c462524f:0xe9ca9a85063dba21</gx:fid>
			<LookAt>
				<longitude>98.37061765</longitude>
				<latitude>7.839417449999999</latitude>
				<altitude>0</altitude>
				<heading>0</heading>
				<tilt>0</tilt>
				<gx:fovy>35</gx:fovy>
				<range>184238.0197345755</range>
				<altitudeMode>relativeToGround</altitudeMode>
			</LookAt>
			<styleUrl>#__managed_style_0913F9CC9F3F7675F34C</styleUrl>
			<Point>
				<altitudeMode>relativeToGround</altitudeMode>
				<coordinates>98.3307468,7.9843109,0</coordinates>
			</Point>
		</Placemark>
	</Folder>
	<Placemark id="033E1B3E303CDDD366D6">
		<name>Indian Ocean Crossing</name>
		<LookAt>
			<longitude>56.02014699906314</longitude>
			<latitude>-9.762640308720282</latitude>
			<altitude>-17052.75015100242</altitude>
			<heading>357.5649343385337</heading>
			<tilt>0</tilt>
			<gx:fovy>34.99999994921607</gx:fovy>
			<range>7508290.326293707</range>
			<altitudeMode>absolute</altitudeMode>
		</LookAt>
		<styleUrl>#__managed_style_10B8AB106E3F7675F351</styleUrl>
		<LineString>
			<coordinates>
				79.75256724078466,6.923188816182384,0 76.43436633572125,8.151092301291825,0 74.71395537804804,11.9916720699993,0 72.6213178738697,7.412207064155901,0 73.07634758968884,4.566364757556586,0 73.38811714558526,-1.144966348116922,0 58.07163327501829,-19.15069049743791,0 55.44181082177322,-20.69579506914119,0 55.44340302255981,-20.69542366528016,0 46.5167783559406,-25.5106692590326,0 
			</coordinates>
		</LineString>
	</Placemark>
	<Folder id="027C3B21C83CE4DDDBAE">
		<name>Indian Ocean Destinations</name>
		<visibility>0</visibility>
		<styleUrl>#__managed_style_11AEFE53943F7675F34E</styleUrl>
		<Placemark id="02C56A81D93CDDD245F1">
			<gx:mid>/m/04vs9</gx:mid>
			<gx:fid>0x217c504df94474c9:0x4203d9c2116bd031</gx:fid>
			<LookAt>
				<longitude>59.0191111</longitude>
				<latitude>-15.42579385</latitude>
				<altitude>0</altitude>
				<heading>0</heading>
				<tilt>0</tilt>
				<gx:fovy>35</gx:fovy>
				<range>2868423.351470792</range>
				<altitudeMode>relativeToGround</altitudeMode>
			</LookAt>
			<styleUrl>#__managed_style_0913F9CC9F3F7675F34C</styleUrl>
			<Point>
				<altitudeMode>relativeToGround</altitudeMode>
				<coordinates>57.55215200000001,-20.348404,0</coordinates>
			</Point>
		</Placemark>
		<Placemark id="072F33B6743CDDD263BE">
			<gx:mid>/m/0lxhj</gx:mid>
			<gx:fid>0x2178778110b8e43b:0x4a7f8e89ecdbeaf9</gx:fid>
			<LookAt>
				<longitude>55.5273056</longitude>
				<latitude>-21.1353425</latitude>
				<altitude>0</altitude>
				<heading>0</heading>
				<tilt>0</tilt>
				<gx:fovy>35</gx:fovy>
				<range>173465.7362802536</range>
				<altitudeMode>relativeToGround</altitudeMode>
			</LookAt>
			<styleUrl>#__managed_style_0913F9CC9F3F7675F34C</styleUrl>
			<Point>
				<altitudeMode>relativeToGround</altitudeMode>
				<coordinates>55.536384,-21.115141,0</coordinates>
			</Point>
		</Placemark>
		<Placemark id="048BE81C943CDDD288C7">
			<gx:mid>/m/04ty8</gx:mid>
			<gx:fid>0x24b599bfaafb7bbd:0x414509e181956289</gx:fid>
			<LookAt>
				<longitude>73.2403564</longitude>
				<latitude>3.11209825</latitude>
				<altitude>0</altitude>
				<heading>0</heading>
				<tilt>0</tilt>
				<gx:fovy>35</gx:fovy>
				<range>2971229.374744632</range>
				<altitudeMode>relativeToGround</altitudeMode>
			</LookAt>
			<styleUrl>#__managed_style_0913F9CC9F3F7675F34C</styleUrl>
			<Point>
				<altitudeMode>relativeToGround</altitudeMode>
				<coordinates>73.22068,3.202778,0</coordinates>
			</Point>
		</Placemark>
	</Folder>
	<Placemark id="0B9838FB683D0373F45C">
		<name>Africa (South) Course</name>
		<LookAt>
			<longitude>23.11114727274057</longitude>
			<latitude>-28.76480165341733</latitude>
			<altitude>792.1718611207555</altitude>
			<heading>359.9999999989742</heading>
			<tilt>0</tilt>
			<gx:fovy>34.99999999999962</gx:fovy>
			<range>6404295.127193928</range>
			<altitudeMode>absolute</altitudeMode>
		</LookAt>
		<styleUrl>#__managed_style_184DD7AF9F3F7675F350</styleUrl>
		<LineString>
			<coordinates>
				46.1263596615561,-25.73749226296238,0 32.71187371546637,-25.60066274322808,0 32.30368156984955,-30.3115280837286,0 25.41690402623459,-35.35637106965908,0 18.33479035421206,-33.72327043974676,0 14.46731728039916,-22.62879526942864,0 
			</coordinates>
		</LineString>
	</Placemark>
	<Folder id="0B4D39ADCD3CE58043DE">
		<name>Africa (South) Destinations</name>
		<styleUrl>#__managed_style_11AEFE53943F7675F34E</styleUrl>
		<Placemark id="05AEAE24383CE544412A">
			<gx:mid>/m/0fqby</gx:mid>
			<gx:fid>0x1ee69723b666da55:0x42497f579a6bb442</gx:fid>
			<LookAt>
				<longitude>32.61068355</longitude>
				<latitude>-25.8962586</latitude>
				<altitude>0</altitude>
				<heading>0</heading>
				<tilt>0</tilt>
				<gx:fovy>35</gx:fovy>
				<range>41825.38974187869</range>
				<altitudeMode>relativeToGround</altitudeMode>
			</LookAt>
			<styleUrl>#__managed_style_0913F9CC9F3F7675F34C</styleUrl>
			<Point>
				<altitudeMode>relativeToGround</altitudeMode>
				<coordinates>32.5731746,-25.969248,0</coordinates>
			</Point>
		</Placemark>
		<Placemark id="01A9DC9FC33CDDBAB3D6">
			<gx:mid>/m/01yj2</gx:mid>
			<gx:fid>0x1dcc500f8826eed7:0x687fe1fc2828aa87</gx:fid>
			<LookAt>
				<longitude>18.6560594</longitude>
				<latitude>-33.91553804999999</latitude>
				<altitude>0</altitude>
				<heading>0</heading>
				<tilt>0</tilt>
				<gx:fovy>35</gx:fovy>
				<range>308668.6379005015</range>
				<altitudeMode>relativeToGround</altitudeMode>
			</LookAt>
			<styleUrl>#__managed_style_0913F9CC9F3F7675F34C</styleUrl>
			<Point>
				<altitudeMode>relativeToGround</altitudeMode>
				<coordinates>18.4231418,-33.922087,0</coordinates>
			</Point>
		</Placemark>
		<Placemark id="0621EE66D03D03457360">
			<gx:mid>/m/0bsgd</gx:mid>
			<gx:fid>0x1c76ef00d003fbb1:0x7b2b78577c36fede</gx:fid>
			<LookAt>
				<longitude>14.51133355</longitude>
				<latitude>-22.95388059999999</latitude>
				<altitude>0</altitude>
				<heading>0</heading>
				<tilt>0</tilt>
				<gx:fovy>35</gx:fovy>
				<range>21406.29332561441</range>
				<altitudeMode>relativeToGround</altitudeMode>
			</LookAt>
			<styleUrl>#__managed_style_0913F9CC9F3F7675F34C</styleUrl>
			<Point>
				<altitudeMode>relativeToGround</altitudeMode>
				<coordinates>14.5038721,-22.9585126,0</coordinates>
			</Point>
		</Placemark>
	</Folder>
	<Placemark id="0834E31A5F3CDDBBDD9F">
		<name>South Atlantic Crossing</name>
		<LookAt>
			<longitude>-12.57522077033791</longitude>
			<latitude>-15.80951989774936</latitude>
			<altitude>-14957.42095474085</altitude>
			<heading>3.699109578112097</heading>
			<tilt>0</tilt>
			<gx:fovy>35</gx:fovy>
			<range>6529356.249690056</range>
			<altitudeMode>absolute</altitudeMode>
		</LookAt>
		<styleUrl>#__managed_style_03A0FE668F3F7675F351</styleUrl>
		<LineString>
			<coordinates>
				14.52651641694369,-22.87125660605019,0 -5.716414786499044,-15.91776910975649,0 -14.40863066043506,-7.882411784834399,0 -32.4319739504547,-3.843399963009734,0 -35.31433147028244,-5.240327285703383,0 
			</coordinates>
		</LineString>
	</Placemark>
	<Folder id="067A7EAF723CE4D9771B">
		<name>South Atlantic Destinations</name>
		<styleUrl>#__managed_style_11AEFE53943F7675F34E</styleUrl>
		<Placemark id="0EE3BCCA6E3D01D379BD">
			<name>Ascension - Georgetown</name>
			<LookAt>
				<longitude>-14.4132042</longitude>
				<latitude>-7.9293761</latitude>
				<altitude>0</altitude>
				<heading>0</heading>
				<tilt>0</tilt>
				<gx:fovy>35</gx:fovy>
				<range>3341.599995443702</range>
				<altitudeMode>relativeToGround</altitudeMode>
			</LookAt>
			<styleUrl>#__managed_style_04C46C84663F7675F350</styleUrl>
			<Point>
				<altitudeMode>relativeToGround</altitudeMode>
				<coordinates>-14.4112011,-7.926222999999999,0</coordinates>
			</Point>
		</Placemark>
		<Placemark id="08AC2CFD773D01D44EB0">
			<name>Saint Helena - Jamestown</name>
			<LookAt>
				<longitude>-5.71518395</longitude>
				<latitude>-15.9288412</latitude>
				<altitude>0</altitude>
				<heading>0</heading>
				<tilt>0</tilt>
				<gx:fovy>35</gx:fovy>
				<range>3219.31332201287</range>
				<altitudeMode>relativeToGround</altitudeMode>
			</LookAt>
			<styleUrl>#__managed_style_04C46C84663F7675F350</styleUrl>
			<Point>
				<altitudeMode>relativeToGround</altitudeMode>
				<coordinates>-5.717124699999999,-15.9267879,0</coordinates>
			</Point>
		</Placemark>
		<Placemark id="0006D771E03DB5E0B5CA">
			<gx:mid>/m/01m4t_</gx:mid>
			<gx:fid>0x635de3fd6310b57:0xe1a76e103787589</gx:fid>
			<LookAt>
				<longitude>-32.4268917</longitude>
				<latitude>-3.84479765</latitude>
				<altitude>0</altitude>
				<heading>0</heading>
				<tilt>0</tilt>
				<gx:fovy>35</gx:fovy>
				<range>23194.69252476716</range>
				<altitudeMode>relativeToGround</altitudeMode>
			</LookAt>
			<styleUrl>#__managed_style_0913F9CC9F3F7675F34C</styleUrl>
			<Point>
				<altitudeMode>relativeToGround</altitudeMode>
				<coordinates>-32.4268917,-3.8447976,0</coordinates>
			</Point>
		</Placemark>
	</Folder>
	<Placemark id="0E96B685B63D03357C2D">
		<name>South America (NE) Course</name>
		<LookAt>
			<longitude>-51.33227939895085</longitude>
			<latitude>0.8653628830591773</latitude>
			<altitude>-1955.744964616342</altitude>
			<heading>4.754577443221303</heading>
			<tilt>0</tilt>
			<gx:fovy>34.99999993661883</gx:fovy>
			<range>5994554.497522116</range>
			<altitudeMode>absolute</altitudeMode>
		</LookAt>
		<styleUrl>#__managed_style_0712B5791D3F7675F353</styleUrl>
		<LineString>
			<coordinates>
				-35.25776525052839,-5.088987484928986,0 -39.50086454812492,-2.112136336629261,0 -44.27431711486572,-1.988592258339131,0 -44.31448445016541,-1.364615848928103,0 -47.82719977159998,-0.008342946912951916,0 -48.553892324798,-1.101416792670111,0 -52.46877368490692,-1.324091213086744,0 -50.36293268830546,0.06486325864957268,0 -49.45241796166717,1.500772407764583,0 -50.94708472610412,4.657677398644896,0 -52.34481613344447,5.144207135415695,0 -53.56844506417715,6.085366668953016,0 -61.15834984760022,10.90157980703266,0 
			</coordinates>
		</LineString>
	</Placemark>
	<Folder id="0B60A9A1B63D034C4ADF">
		<name>South America (NE) Destinations</name>
		<styleUrl>#__managed_style_11AEFE53943F7675F34E</styleUrl>
		<Placemark id="01223CFA0F3D01CD75FC">
			<gx:mid>/m/02hjhr</gx:mid>
			<gx:fid>0x8d123d3adb4ab79d:0x73567e298bafb628</gx:fid>
			<LookAt>
				<longitude>-52.37862399999999</longitude>
				<latitude>5.0920856</latitude>
				<altitude>0</altitude>
				<heading>0</heading>
				<tilt>0</tilt>
				<gx:fovy>35</gx:fovy>
				<range>123555.048633197</range>
				<altitudeMode>relativeToGround</altitudeMode>
			</LookAt>
			<styleUrl>#__managed_style_0913F9CC9F3F7675F34C</styleUrl>
			<Point>
				<altitudeMode>relativeToGround</altitudeMode>
				<coordinates>-52.3354386,4.937977399999999,0</coordinates>
			</Point>
		</Placemark>
		<Placemark id="03A16E38AE3D01CD1080">
			<gx:mid>/g/1pxyyzx3r</gx:mid>
			<gx:fid>0x92a461af84756ce1:0x570d540215864c35</gx:fid>
			<LookAt>
				<longitude>-48.4468639</longitude>
				<latitude>-1.34135195</latitude>
				<altitude>0</altitude>
				<heading>0</heading>
				<tilt>0</tilt>
				<gx:fovy>35</gx:fovy>
				<range>124010.6198070661</range>
				<altitudeMode>relativeToGround</altitudeMode>
			</LookAt>
			<styleUrl>#__managed_style_0913F9CC9F3F7675F34C</styleUrl>
			<Point>
				<altitudeMode>relativeToGround</altitudeMode>
				<coordinates>-48.501299,-1.4563432,0</coordinates>
			</Point>
		</Placemark>
		<Placemark id="07C5081A743D0354726C">
			<gx:mid>/m/01zpkp</gx:mid>
			<gx:fid>0x7f68ff06f7f6d21:0x983102e459a3de47</gx:fid>
			<LookAt>
				<longitude>-44.258122</longitude>
				<latitude>-2.5606322</latitude>
				<altitude>0</altitude>
				<heading>0</heading>
				<tilt>0</tilt>
				<gx:fovy>35</gx:fovy>
				<range>46447.60286236384</range>
				<altitudeMode>relativeToGround</altitudeMode>
			</LookAt>
			<styleUrl>#__managed_style_0913F9CC9F3F7675F34C</styleUrl>
			<Point>
				<altitudeMode>relativeToGround</altitudeMode>
				<coordinates>-44.2988947,-2.5306721,0</coordinates>
			</Point>
		</Placemark>
		<Folder id="0BB5FDBF0F3D035C1350">
			<name>Central America</name>
			<open>1</open>
			<styleUrl>#__managed_style_11AEFE53943F7675F34E</styleUrl>
		</Folder>
	</Folder>
	<Placemark id="05AF2DEAFA3CDDB8FCB7">
		<name>Caribbean Course</name>
		<LookAt>
			<longitude>-71.86406803342359</longitude>
			<latitude>11.89624137439255</latitude>
			<altitude>3596.646615641677</altitude>
			<heading>4.754923536864621</heading>
			<tilt>0</tilt>
			<gx:fovy>34.99999993659806</gx:fovy>
			<range>4879157.930982114</range>
			<altitudeMode>absolute</altitudeMode>
		</LookAt>
		<styleUrl>#__managed_style_17E51DD7B23F7675F356</styleUrl>
		<LineString>
			<coordinates>
				-79.93856667735568,9.394951733242625,0 -83.3046657858326,15.99780281759385,0 -88.58681058704707,16.03301000959771,0 -89.1493075146023,15.49157684375309,0 -88.55033486978317,16.13573692629369,0 -77.15821358967123,17.6635467890037,0 -71.72152874373376,21.77249525314182,0 -68.47294192486501,18.7549040334859,0 -65.9762380363675,18.46345763306705,0 -65.36767055270627,18.24094815507573,0 -64.63504182874846,18.36625421722871,0 -64.37448105580928,18.49955004150799,0 -62.91255384790314,18.15177557807998,0 -62.76517210490425,17.39632485010947,0 -61.64045080591551,17.10339721707603,0 -61.57355686190369,16.36142397609567,0 -61.38324829828755,15.49801727085902,0 -61.0326571224619,14.65887157567347,0 -60.99156959485752,13.96960125011073,0 -61.20462856055056,13.22970301361328,0 -61.70323286504046,12.21111354552982,0 -61.25145342261548,10.78185272672508,0 
			</coordinates>
		</LineString>
	</Placemark>
	<Folder id="0B980D460A3CE4EACC7A">
		<name>Caribbean Destinations</name>
		<styleUrl>#__managed_style_11AEFE53943F7675F34E</styleUrl>
		<Placemark id="07A1F6C3093CE4ECEF8B">
			<gx:mid>/m/09lxtg</gx:mid>
			<gx:fid>0x8c3607976350b6c5:0xff082855c639f127</gx:fid>
			<LookAt>
				<longitude>-61.21169999999999</longitude>
				<latitude>10.69670005</latitude>
				<altitude>0</altitude>
				<heading>0</heading>
				<tilt>0</tilt>
				<gx:fovy>35</gx:fovy>
				<range>809417.7872739182</range>
				<altitudeMode>relativeToGround</altitudeMode>
			</LookAt>
			<styleUrl>#__managed_style_0913F9CC9F3F7675F34C</styleUrl>
			<Point>
				<altitudeMode>relativeToGround</altitudeMode>
				<coordinates>-61.222503,10.691803,0</coordinates>
			</Point>
		</Placemark>
		<Placemark id="0823594DD63CE4ED53B7">
			<name>Saint Vincent</name>
			<LookAt>
				<longitude>-61.2834</longitude>
				<latitude>12.9715828</latitude>
				<altitude>0</altitude>
				<heading>0</heading>
				<tilt>0</tilt>
				<gx:fovy>35</gx:fovy>
				<range>401355.4941090721</range>
				<altitudeMode>relativeToGround</altitudeMode>
			</LookAt>
			<styleUrl>#__managed_style_04C46C84663F7675F350</styleUrl>
			<Point>
				<altitudeMode>relativeToGround</altitudeMode>
				<coordinates>-61.25512784307141,13.16203058395136,0</coordinates>
			</Point>
		</Placemark>
		<Placemark id="0CF55BE7AF3CE4ED7355">
			<gx:mid>/m/04vg8</gx:mid>
			<gx:fid>0x8c6aa0f90066070d:0xe1001b1217afe7b0</gx:fid>
			<LookAt>
				<longitude>-61.01377479999999</longitude>
				<latitude>14.63408955</latitude>
				<altitude>0</altitude>
				<heading>0</heading>
				<tilt>0</tilt>
				<gx:fovy>35</gx:fovy>
				<range>398504.3578451949</range>
				<altitudeMode>relativeToGround</altitudeMode>
			</LookAt>
			<styleUrl>#__managed_style_0913F9CC9F3F7675F34C</styleUrl>
			<Point>
				<altitudeMode>relativeToGround</altitudeMode>
				<coordinates>-61.024174,14.641528,0</coordinates>
			</Point>
		</Placemark>
		<Placemark id="027527F0903CE4ED9127">
			<gx:mid>/m/06ryl</gx:mid>
			<gx:fid>0x8c12196ec68a720d:0xdee99ac69a1d86e8</gx:fid>
			<LookAt>
				<longitude>-62.69659994999999</longitude>
				<latitude>17.24959955</latitude>
				<altitude>0</altitude>
				<heading>0</heading>
				<tilt>0</tilt>
				<gx:fovy>35</gx:fovy>
				<range>196670.397397717</range>
				<altitudeMode>relativeToGround</altitudeMode>
			</LookAt>
			<styleUrl>#__managed_style_0913F9CC9F3F7675F34C</styleUrl>
			<Point>
				<altitudeMode>relativeToGround</altitudeMode>
				<coordinates>-62.782998,17.357822,0</coordinates>
			</Point>
		</Placemark>
		<Placemark id="0403A42BE73CE4EDDA22">
			<gx:mid>/m/035yg</gx:mid>
			<gx:fid>0x8c381789f4877bd1:0x36d8c7015a1f4f8e</gx:fid>
			<LookAt>
				<longitude>-61.59029995</longitude>
				<latitude>12.25980255</latitude>
				<altitude>0</altitude>
				<heading>0</heading>
				<tilt>0</tilt>
				<gx:fovy>35</gx:fovy>
				<range>402472.9996366173</range>
				<altitudeMode>relativeToGround</altitudeMode>
			</LookAt>
			<styleUrl>#__managed_style_0913F9CC9F3F7675F34C</styleUrl>
			<Point>
				<altitudeMode>relativeToGround</altitudeMode>
				<coordinates>-61.67899999999999,12.1165,0</coordinates>
			</Point>
		</Placemark>
		<Placemark id="0DF5E191D73D02060BBB">
			<gx:mid>/m/027nb</gx:mid>
			<gx:fid>0x8c14d2faf2155a15:0x49b39109053afd3c</gx:fid>
			<LookAt>
				<longitude>-61.35750490000001</longitude>
				<latitude>15.42637325</latitude>
				<altitude>0</altitude>
				<heading>0</heading>
				<tilt>0</tilt>
				<gx:fovy>35</gx:fovy>
				<range>119575.664204741</range>
				<altitudeMode>relativeToGround</altitudeMode>
			</LookAt>
			<styleUrl>#__managed_style_0913F9CC9F3F7675F34C</styleUrl>
			<Point>
				<altitudeMode>relativeToGround</altitudeMode>
				<coordinates>-61.370976,15.414999,0</coordinates>
			</Point>
		</Placemark>
		<Placemark id="0FF99EB6A93D02069AFA">
			<gx:mid>/m/06s0l</gx:mid>
			<gx:fid>0x8c406065f12da31d:0x6e7486c4e8399df5</gx:fid>
			<LookAt>
				<longitude>-60.97090185</longitude>
				<latitude>13.9128528</latitude>
				<altitude>0</altitude>
				<heading>0</heading>
				<tilt>0</tilt>
				<gx:fovy>35</gx:fovy>
				<range>120405.4608426505</range>
				<altitudeMode>relativeToGround</altitudeMode>
			</LookAt>
			<styleUrl>#__managed_style_0913F9CC9F3F7675F34C</styleUrl>
			<Point>
				<altitudeMode>relativeToGround</altitudeMode>
				<coordinates>-60.97889299999999,13.909444,0</coordinates>
			</Point>
		</Placemark>
		<Placemark id="084FDF96C53CE4EEDC31">
			<gx:mid>/m/0l3h</gx:mid>
			<gx:fid>0x8c0d6eb96db8d1c1:0x276a3788e18b7994</gx:fid>
			<LookAt>
				<longitude>-62.01020005</longitude>
				<latitude>17.3258973</latitude>
				<altitude>0</altitude>
				<heading>0</heading>
				<tilt>0</tilt>
				<gx:fovy>35</gx:fovy>
				<range>393177.8086548288</range>
				<altitudeMode>relativeToGround</altitudeMode>
			</LookAt>
			<styleUrl>#__managed_style_0913F9CC9F3F7675F34C</styleUrl>
			<Point>
				<altitudeMode>relativeToGround</altitudeMode>
				<coordinates>-61.79642800000001,17.060816,0</coordinates>
			</Point>
		</Placemark>
		<Placemark id="0CA1A1D8F83CE4EBFBA6">
			<gx:mid>/m/09b8m</gx:mid>
			<gx:fid>0x8edb3f9784ded2a1:0x24f321bfabb7af40</gx:fid>
			<LookAt>
				<longitude>-76.8006563</longitude>
				<latitude>18.0179363</latitude>
				<altitude>0</altitude>
				<heading>0</heading>
				<tilt>0</tilt>
				<gx:fovy>35</gx:fovy>
				<range>48958.45991183215</range>
				<altitudeMode>relativeToGround</altitudeMode>
			</LookAt>
			<styleUrl>#__managed_style_0913F9CC9F3F7675F34C</styleUrl>
			<Point>
				<altitudeMode>relativeToGround</altitudeMode>
				<coordinates>-76.8099041,18.0178743,0</coordinates>
			</Point>
		</Placemark>
		<Placemark id="0D3F8933D43D02053A77">
			<gx:mid>/m/037nm</gx:mid>
			<gx:fid>0x8c0e755a77287d51:0xecbe3e37b74a07ab</gx:fid>
			<LookAt>
				<longitude>-61.39705</longitude>
				<latitude>16.14962965</latitude>
				<altitude>0</altitude>
				<heading>0</heading>
				<tilt>0</tilt>
				<gx:fovy>35</gx:fovy>
				<range>238299.2701842279</range>
				<altitudeMode>relativeToGround</altitudeMode>
			</LookAt>
			<styleUrl>#__managed_style_0913F9CC9F3F7675F34C</styleUrl>
			<Point>
				<altitudeMode>relativeToGround</altitudeMode>
				<coordinates>-61.55099999999999,16.265,0</coordinates>
			</Point>
		</Placemark>
		<Placemark id="029509436D3D0709AA18">
			<gx:mid>/m/01z4dt</gx:mid>
			<gx:fid>0x8fab6d74d93fcb77:0x90daf5f3ea39d9e4</gx:fid>
			<LookAt>
				<longitude>-79.93746759999999</longitude>
				<latitude>9.3235121</latitude>
				<altitude>0</altitude>
				<heading>0</heading>
				<tilt>0</tilt>
				<gx:fovy>35</gx:fovy>
				<range>61202.94855588836</range>
				<altitudeMode>relativeToGround</altitudeMode>
			</LookAt>
			<styleUrl>#__managed_style_0913F9CC9F3F7675F34C</styleUrl>
			<Point>
				<altitudeMode>relativeToGround</altitudeMode>
				<coordinates>-79.8998608,9.359302,0</coordinates>
			</Point>
		</Placemark>
		<Placemark id="0B4247470C3D070E798C">
			<gx:mid>/m/05bgr4</gx:mid>
			<gx:fid>0x8c0573f7bc4e6cf1:0xf51dafca443d0bc2</gx:fid>
			<LookAt>
				<longitude>-64.6353173</longitude>
				<latitude>18.42106365</latitude>
				<altitude>0</altitude>
				<heading>0</heading>
				<tilt>0</tilt>
				<gx:fovy>35</gx:fovy>
				<range>29422.13838625358</range>
				<altitudeMode>relativeToGround</altitudeMode>
			</LookAt>
			<styleUrl>#__managed_style_0913F9CC9F3F7675F34C</styleUrl>
			<Point>
				<altitudeMode>relativeToGround</altitudeMode>
				<coordinates>-64.63327819999999,18.4334704,0</coordinates>
			</Point>
		</Placemark>
		<Placemark id="0E6F33532C3D59065C56">
			<gx:mid>/g/1v1sm8tv</gx:mid>
			<gx:fid>0x8f61246bcf60fff5:0x615f0969501bb358</gx:fid>
			<LookAt>
				<longitude>-89.0028835</longitude>
				<latitude>15.65713075</latitude>
				<altitude>0</altitude>
				<heading>0</heading>
				<tilt>0</tilt>
				<gx:fovy>35</gx:fovy>
				<range>5460.486898291987</range>
				<altitudeMode>relativeToGround</altitudeMode>
			</LookAt>
			<styleUrl>#__managed_style_0913F9CC9F3F7675F34C</styleUrl>
			<Point>
				<altitudeMode>relativeToGround</altitudeMode>
				<coordinates>-89.0012007,15.6595185,0</coordinates>
			</Point>
		</Placemark>
	</Folder>
	<Folder id="01DAF5482B3F76A2768C">
		<name>Suggested Months</name>
		<styleUrl>#__managed_style_11AEFE53943F7675F34E</styleUrl>
		<Placemark id="06383059EF3DB6BB2492">
			<name>September</name>
			<LookAt>
				<longitude>96.53490850629447</longitude>
				<latitude>6.050761066196964</latitude>
				<altitude>-1774.064076337911</altitude>
				<heading>0</heading>
				<tilt>0</tilt>
				<gx:fovy>35</gx:fovy>
				<range>12418980.49637675</range>
				<altitudeMode>absolute</altitudeMode>
			</LookAt>
			<styleUrl>#__managed_style_25E7EEC4393F7675F350</styleUrl>
			<Point>
				<coordinates>96.53490850629447,6.050761066196964,-1774.064076337911</coordinates>
			</Point>
		</Placemark>
		<Placemark id="0929047EBA3DB6BA9F2C">
			<name>September</name>
			<LookAt>
				<longitude>139.1442661377175</longitude>
				<latitude>-9.310761769281953</latitude>
				<altitude>-2800.486404257948</altitude>
				<heading>0</heading>
				<tilt>0</tilt>
				<gx:fovy>35</gx:fovy>
				<range>5381375.559296608</range>
				<altitudeMode>absolute</altitudeMode>
			</LookAt>
			<styleUrl>#__managed_style_25E7EEC4393F7675F350</styleUrl>
			<Point>
				<coordinates>139.1442661377175,-9.310761769281953,-2800.486404257948</coordinates>
			</Point>
		</Placemark>
		<Placemark id="09AF4D73E73DB6A51D16">
			<name>April</name>
			<LookAt>
				<longitude>-138.2233199062722</longitude>
				<latitude>-9.313552032365521</latitude>
				<altitude>22.63130791500323</altitude>
				<heading>359.9999999999998</heading>
				<tilt>0</tilt>
				<gx:fovy>34.9999999689463</gx:fovy>
				<range>588490.1208199561</range>
				<altitudeMode>absolute</altitudeMode>
			</LookAt>
			<styleUrl>#__managed_style_25E7EEC4393F7675F350</styleUrl>
			<Point>
				<coordinates>-138.2233199062722,-9.313552032365521,22.63130791500323</coordinates>
			</Point>
		</Placemark>
		<Placemark id="097F3EEDD73D6DA9D76C">
			<name>June</name>
			<LookAt>
				<longitude>-18.85788370840497</longitude>
				<latitude>66.22686970340004</latitude>
				<altitude>1690.060287099317</altitude>
				<heading>358.8537862839748</heading>
				<tilt>0</tilt>
				<gx:fovy>34.99999999999744</gx:fovy>
				<range>5513548.106254935</range>
				<altitudeMode>absolute</altitudeMode>
			</LookAt>
			<styleUrl>#__managed_style_25E7EEC4393F7675F350</styleUrl>
			<Point>
				<coordinates>-18.85788370840497,66.22686970340004,1690.060287099317</coordinates>
			</Point>
		</Placemark>
		<Placemark id="0C71742C043D6ABA32AA">
			<name>May</name>
			<LookAt>
				<longitude>-51.69766538757202</longitude>
				<latitude>61.54267680361681</latitude>
				<altitude>-5230.425590213128</altitude>
				<heading>344.2726379150967</heading>
				<tilt>0</tilt>
				<gx:fovy>35</gx:fovy>
				<range>9817471.278201342</range>
				<altitudeMode>absolute</altitudeMode>
			</LookAt>
			<styleUrl>#__managed_style_25E7EEC4393F7675F350</styleUrl>
			<Point>
				<coordinates>-51.69766538757202,61.54267680361681,-5230.425590213128</coordinates>
			</Point>
		</Placemark>
		<Placemark id="0C3ACE35B13D6AB92A28">
			<name>July</name>
			<LookAt>
				<longitude>9.857883373586008</longitude>
				<latitude>77.42219998573154</latitude>
				<altitude>295.1586286309199</altitude>
				<heading>349.9150033460776</heading>
				<tilt>0</tilt>
				<gx:fovy>35</gx:fovy>
				<range>1239560.549062192</range>
				<altitudeMode>absolute</altitudeMode>
			</LookAt>
			<styleUrl>#__managed_style_25E7EEC4393F7675F350</styleUrl>
			<Point>
				<coordinates>9.857883373586008,77.42219998573154,295.1586286309199</coordinates>
			</Point>
		</Placemark>
		<Placemark id="09524F472A3D56D8D121">
			<name>January</name>
			<LookAt>
				<longitude>-39.74907257352105</longitude>
				<latitude>0.232997053154624</latitude>
				<altitude>-1349.431239091941</altitude>
				<heading>0</heading>
				<tilt>0</tilt>
				<gx:fovy>35</gx:fovy>
				<range>4215363.20984602</range>
				<altitudeMode>absolute</altitudeMode>
			</LookAt>
			<styleUrl>#__managed_style_25E7EEC4393F7675F350</styleUrl>
			<Point>
				<coordinates>-39.74907257352105,0.232997053154624,-1349.431239091941</coordinates>
			</Point>
		</Placemark>
		<Placemark id="0C9D43222D3D56CDA485">
			<name>December</name>
			<LookAt>
				<longitude>-20.74894746784478</longitude>
				<latitude>13.13204651398678</latitude>
				<altitude>-7336.259168740797</altitude>
				<heading>359.9699066482592</heading>
				<tilt>0</tilt>
				<gx:fovy>35</gx:fovy>
				<range>5576399.169571996</range>
				<altitudeMode>absolute</altitudeMode>
			</LookAt>
			<styleUrl>#__managed_style_25E7EEC4393F7675F350</styleUrl>
			<Point>
				<coordinates>-20.74894746784478,13.13204651398678,-7336.259168740797</coordinates>
			</Point>
		</Placemark>
		<Placemark id="0DD6DCC1683D56CB4DCE">
			<name>February (Carnival)</name>
			<LookAt>
				<longitude>-37.59818533547944</longitude>
				<latitude>-1.610524580688977</latitude>
				<altitude>-10998.74281989248</altitude>
				<heading>359.9699265973728</heading>
				<tilt>0</tilt>
				<gx:fovy>35</gx:fovy>
				<range>5580061.779116392</range>
				<altitudeMode>absolute</altitudeMode>
			</LookAt>
			<styleUrl>#__managed_style_25E7EEC4393F7675F350</styleUrl>
			<Point>
				<coordinates>-36.67805731907631,-13.46045852328688,-10998.74281989248</coordinates>
			</Point>
		</Placemark>
		<Placemark id="0EF8EE010D3D54048AED">
			<name>November</name>
			<LookAt>
				<longitude>-17.37551941570364</longitude>
				<latitude>27.24505346368221</latitude>
				<altitude>-666.0372854629114</altitude>
				<heading>5.729529492349848e-15</heading>
				<tilt>0</tilt>
				<gx:fovy>34.99999999996692</gx:fovy>
				<range>2522051.476860344</range>
				<altitudeMode>absolute</altitudeMode>
			</LookAt>
			<styleUrl>#__managed_style_25E7EEC4393F7675F350</styleUrl>
			<Point>
				<coordinates>-17.37551941570364,27.24505346368221,-666.0372854629114</coordinates>
			</Point>
		</Placemark>
		<Placemark id="05BB31C3F23D56859CDA">
			<name>March</name>
			<LookAt>
				<longitude>-79.26703753406696</longitude>
				<latitude>8.757317673197914</latitude>
				<altitude>923.6211020608981</altitude>
				<heading>0</heading>
				<tilt>0</tilt>
				<gx:fovy>35</gx:fovy>
				<range>1479537.232706845</range>
				<altitudeMode>absolute</altitudeMode>
			</LookAt>
			<styleUrl>#__managed_style_25E7EEC4393F7675F350</styleUrl>
			<Point>
				<coordinates>-79.26703753406696,8.757317673197914,923.6211020608981</coordinates>
			</Point>
		</Placemark>
		<Placemark id="024E7513A13D5687E266">
			<name>August</name>
			<LookAt>
				<longitude>-168.3217965120395</longitude>
				<latitude>61.74839646345723</latitude>
				<altitude>-25010.23801369857</altitude>
				<heading>0</heading>
				<tilt>0</tilt>
				<gx:fovy>35</gx:fovy>
				<range>11436100.14311314</range>
				<altitudeMode>absolute</altitudeMode>
			</LookAt>
			<styleUrl>#__managed_style_25E7EEC4393F7675F350</styleUrl>
			<Point>
				<coordinates>-168.3217965120395,61.74839646345723,-25010.23801369857</coordinates>
			</Point>
		</Placemark>
		<Placemark id="0B0C40B34E3D56BE3B97">
			<name>June</name>
			<LookAt>
				<longitude>-28.87515832994276</longitude>
				<latitude>40.06147738702187</latitude>
				<altitude>-1962.45749223761</altitude>
				<heading>359.9700930886588</heading>
				<tilt>0</tilt>
				<gx:fovy>35</gx:fovy>
				<range>1582437.1940732</range>
				<altitudeMode>absolute</altitudeMode>
			</LookAt>
			<styleUrl>#__managed_style_25E7EEC4393F7675F350</styleUrl>
			<Point>
				<coordinates>-28.87515832994276,40.06147738702187,-1962.45749223761</coordinates>
			</Point>
		</Placemark>
		<Placemark id="08B462FC883D56BF2045">
			<name>May</name>
			<LookAt>
				<longitude>-73.24773416798297</longitude>
				<latitude>35.20258898527922</latitude>
				<altitude>-2514.293987667539</altitude>
				<heading>359.9700597673062</heading>
				<tilt>0</tilt>
				<gx:fovy>35</gx:fovy>
				<range>3411016.939201355</range>
				<altitudeMode>absolute</altitudeMode>
			</LookAt>
			<styleUrl>#__managed_style_25E7EEC4393F7675F350</styleUrl>
			<Point>
				<coordinates>-73.24773416798297,35.20258898527922,-2514.293987667539</coordinates>
			</Point>
		</Placemark>
		<Placemark id="05EA8522843D56C52353">
			<name>July</name>
			<LookAt>
				<longitude>-4.130202170957833</longitude>
				<latitude>59.3482304457432</latitude>
				<altitude>-9019.627380187552</altitude>
				<heading>359.9699878508713</heading>
				<tilt>0</tilt>
				<gx:fovy>35</gx:fovy>
				<range>4144277.066116333</range>
				<altitudeMode>absolute</altitudeMode>
			</LookAt>
			<styleUrl>#__managed_style_25E7EEC4393F7675F350</styleUrl>
			<Point>
				<coordinates>-4.130202170957833,59.3482304457432,-9019.627380187552</coordinates>
			</Point>
		</Placemark>
		<Placemark id="0E0F8D0B9A3D56C5DEDD">
			<name>August</name>
			<LookAt>
				<longitude>26.95426420466469</longitude>
				<latitude>60.43973968592444</latitude>
				<altitude>-25068.47896818772</altitude>
				<heading>359.9699765401142</heading>
				<tilt>0</tilt>
				<gx:fovy>35</gx:fovy>
				<range>4160325.333815217</range>
				<altitudeMode>absolute</altitudeMode>
			</LookAt>
			<styleUrl>#__managed_style_25E7EEC4393F7675F350</styleUrl>
			<Point>
				<coordinates>26.95426420466469,60.43973968592444,-25068.47896818772</coordinates>
			</Point>
		</Placemark>
		<Placemark id="0DF30FCDB13D56C61655">
			<name>September</name>
			<LookAt>
				<longitude>4.096927105656261</longitude>
				<latitude>53.5401922448449</latitude>
				<altitude>-6830.416515078155</altitude>
				<heading>359.9699708362714</heading>
				<tilt>0</tilt>
				<gx:fovy>35</gx:fovy>
				<range>4142087.474967242</range>
				<altitudeMode>absolute</altitudeMode>
			</LookAt>
			<styleUrl>#__managed_style_25E7EEC4393F7675F350</styleUrl>
			<Point>
				<coordinates>4.096927105656261,53.5401922448449,-6830.416515078155</coordinates>
			</Point>
		</Placemark>
		<Placemark id="02C7942EC93D53F9749A">
			<name>December</name>
			<LookAt>
				<longitude>-65.7526433408587</longitude>
				<latitude>-56.03504709080881</latitude>
				<altitude>-176.20100119546</altitude>
				<heading>10.86025151626708</heading>
				<tilt>0</tilt>
				<gx:fovy>34.99999652558132</gx:fovy>
				<range>1442177.760934979</range>
				<altitudeMode>absolute</altitudeMode>
			</LookAt>
			<styleUrl>#__managed_style_299FE4AB163F7675F354</styleUrl>
			<Point>
				<coordinates>-65.7526433408587,-56.03504709080881,-176.20100119546</coordinates>
			</Point>
		</Placemark>
		<Placemark id="00746DE4103D53FA2287">
			<name>February</name>
			<LookAt>
				<longitude>-67.47408794136312</longitude>
				<latitude>-56.30100142353664</latitude>
				<altitude>380.9911439505009</altitude>
				<heading>12.31582303128061</heading>
				<tilt>0</tilt>
				<gx:fovy>34.99999652558132</gx:fovy>
				<range>1441620.584796667</range>
				<altitudeMode>absolute</altitudeMode>
			</LookAt>
			<styleUrl>#__managed_style_25E7EEC4393F7675F350</styleUrl>
			<Point>
				<coordinates>-67.47408794136312,-56.30100142353664,380.9911439505009</coordinates>
			</Point>
		</Placemark>
		<Placemark id="0DD14D0C243D53FA6082">
			<name>January</name>
			<LookAt>
				<longitude>-62.83368058222224</longitude>
				<latitude>-63.92388597155452</latitude>
				<altitude>-261.4942711602129</altitude>
				<heading>8.464194807570447</heading>
				<tilt>0</tilt>
				<gx:fovy>34.99999652558132</gx:fovy>
				<range>1442263.107901812</range>
				<altitudeMode>absolute</altitudeMode>
			</LookAt>
			<styleUrl>#__managed_style_25E7EEC4393F7675F350</styleUrl>
			<Point>
				<coordinates>-62.83368058222224,-63.92388597155452,-261.4942711602129</coordinates>
			</Point>
		</Placemark>
	</Folder>
</Document>
</kml>
